2022-03-14T07:06:58.070675997+00:00,11960,287424
2022-03-14T07:06:59.073165565+00:00,11960,287424
2022-03-14T07:07:00.075419425+00:00,11960,289000
2022-03-14T07:07:01.077795684+00:00,11948,288984
2022-03-14T07:07:02.087741444+00:00,11960,289480
2022-03-14T07:07:03.090473195+00:00,11960,290000
2022-03-14T07:07:04.093065661+00:00,11960,290000
2022-03-14T07:07:05.095223195+00:00,11960,289168
2022-03-14T07:07:06.097864885+00:00,11960,289228
2022-03-14T07:07:07.100391958+00:00,11960,288680
2022-03-14T07:07:08.103517986+00:00,11960,288724
2022-03-14T07:07:09.105803477+00:00,11960,288456
2022-03-14T07:07:10.108414158+00:00,11960,288456
2022-03-14T07:07:11.110929025+00:00,11960,288344
2022-03-14T07:07:12.113735590+00:00,11960,288488
2022-03-14T07:07:13.116492047+00:00,11960,288488
2022-03-14T07:07:14.118967711+00:00,11960,288488
2022-03-14T07:07:15.122257665+00:00,11960,288124
2022-03-14T07:07:16.124632262+00:00,11960,288236
2022-03-14T07:07:17.126445449+00:00,11960,287732
2022-03-14T07:07:18.128683645+00:00,11960,287732
2022-03-14T07:07:19.130850201+00:00,11960,287620
2022-03-14T07:07:20.133252980+00:00,11960,287732
2022-03-14T07:07:21.135630259+00:00,11960,287976
2022-03-14T07:07:22.137143616+00:00,11960,287984
2022-03-14T07:07:23.139513044+00:00,11960,287648
2022-03-14T07:07:24.142060232+00:00,11960,287684
2022-03-14T07:07:25.144412142+00:00,11960,287936
2022-03-14T07:07:26.146810574+00:00,11960,287936
2022-03-14T07:07:27.150096804+00:00,11960,287320
2022-03-14T07:07:28.152679566+00:00,11960,287432
2022-03-14T07:07:29.155463766+00:00,11960,286896
2022-03-14T07:07:30.157644957+00:00,11960,286912
2022-03-14T07:07:31.159076626+00:00,11960,287356
2022-03-14T07:07:32.161486083+00:00,11960,287400
2022-03-14T07:07:33.164273487+00:00,11960,286820
2022-03-14T07:07:34.166608098+00:00,11960,286880
2022-03-14T07:07:35.169105147+00:00,11960,287072
2022-03-14T07:07:36.171661946+00:00,11960,287116
2022-03-14T07:07:37.174423978+00:00,11960,286588
2022-03-14T07:07:38.177702666+00:00,11960,286596
2022-03-14T07:07:39.180681033+00:00,11960,287076
2022-03-14T07:07:40.183270482+00:00,11960,287084
2022-03-14T07:07:41.185768430+00:00,11960,286520
2022-03-14T07:07:42.188391050+00:00,11960,286580
2022-03-14T07:07:43.191288082+00:00,11960,286572
2022-03-14T07:07:44.194033418+00:00,11960,287588
2022-03-14T07:07:45.196777510+00:00,11960,288076
2022-03-14T07:07:46.199730622+00:00,11960,288076
2022-03-14T07:07:47.202193187+00:00,11960,287756
2022-03-14T07:07:48.205366609+00:00,11960,287824
2022-03-14T07:07:49.207959827+00:00,11960,287764
2022-03-14T07:07:50.210769072+00:00,11960,287824
2022-03-14T07:07:51.214095341+00:00,11960,287416
2022-03-14T07:07:52.217227650+00:00,11960,287572
2022-03-14T07:07:53.219866941+00:00,11960,286956
2022-03-14T07:07:54.222424811+00:00,11960,287084
2022-03-14T07:07:55.224738602+00:00,11960,287232
2022-03-14T07:07:56.227734846+00:00,11960,287336
2022-03-14T07:07:57.229979042+00:00,11960,287224
2022-03-14T07:07:58.232760503+00:00,11960,287336
2022-03-14T07:07:59.235366631+00:00,11960,287032
2022-03-14T07:08:00.238587395+00:00,11960,287084
2022-03-14T07:08:01.240636642+00:00,11960,286520
2022-03-14T07:08:02.242396913+00:00,11960,286832
2022-03-14T07:08:03.245417513+00:00,11960,284304
2022-03-14T07:08:04.248179043+00:00,11960,288344
2022-03-14T07:08:05.250915430+00:00,11960,288344
2022-03-14T07:08:06.254029547+00:00,11960,287840
2022-03-14T07:08:07.256686583+00:00,11960,287840
2022-03-14T07:08:08.259031064+00:00,11960,287840
2022-03-14T07:08:09.261851181+00:00,11960,287840
2022-03-14T07:08:10.264047618+00:00,11960,287588
2022-03-14T07:08:11.266566150+00:00,11960,287588
2022-03-14T07:08:12.268475070+00:00,11960,287336
2022-03-14T07:08:13.271306805+00:00,11960,287336
2022-03-14T07:08:14.273540260+00:00,11960,287588
2022-03-14T07:08:15.276395175+00:00,11960,287588
2022-03-14T07:08:16.278452642+00:00,11960,287824
2022-03-14T07:08:17.280895355+00:00,11960,287824
2022-03-14T07:08:18.283218479+00:00,11960,287556
2022-03-14T07:08:19.285522737+00:00,11960,287556
2022-03-14T07:08:20.287924062+00:00,11960,288060
2022-03-14T07:08:21.289958975+00:00,11960,288060
2022-03-14T07:08:22.292504687+00:00,11960,288312
2022-03-14T07:08:23.295137440+00:00,11960,288312
2022-03-14T07:08:24.298149907+00:00,11960,288060
2022-03-14T07:08:25.300213906+00:00,11960,288060
2022-03-14T07:08:26.302934306+00:00,11960,288816
2022-03-14T07:08:27.305453519+00:00,11960,288816
2022-03-14T07:08:28.307491979+00:00,11960,288376
2022-03-14T07:08:29.309540706+00:00,11960,288312
2022-03-14T07:08:30.311792926+00:00,11960,288092
2022-03-14T07:08:31.314400360+00:00,11960,288092
2022-03-14T07:08:32.316476880+00:00,11960,289100
2022-03-14T07:08:33.319130769+00:00,11960,289100
2022-03-14T07:08:34.321486050+00:00,11960,287588
2022-03-14T07:08:35.324085981+00:00,11960,287588
2022-03-14T07:08:36.326463049+00:00,11960,287840
2022-03-14T07:08:37.328660666+00:00,11960,287840
2022-03-14T07:08:38.331018723+00:00,11960,287840
2022-03-14T07:08:39.333584277+00:00,11960,287840
2022-03-14T07:08:40.335799871+00:00,11960,287544
2022-03-14T07:08:41.338531983+00:00,11960,287588
2022-03-14T07:08:42.340675537+00:00,11960,287588
2022-03-14T07:08:43.343347877+00:00,11948,287872
2022-03-14T07:08:44.345426251+00:00,11948,287620
2022-03-14T07:08:45.348020637+00:00,11948,287620
2022-03-14T07:08:46.350188254+00:00,11948,287560
2022-03-14T07:08:47.352979304+00:00,11948,287620
2022-03-14T07:08:48.355256654+00:00,11948,287788
2022-03-14T07:08:49.358201578+00:00,11948,287856
2022-03-14T07:08:50.360827166+00:00,11948,287796
2022-03-14T07:08:51.363474023+00:00,11948,287856
2022-03-14T07:08:52.365817054+00:00,11948,287544
2022-03-14T07:08:53.368321701+00:00,11948,287544
2022-03-14T07:08:54.370558591+00:00,11948,287492
2022-03-14T07:08:55.373164+00:00,11948,287492
2022-03-14T07:08:56.375606779+00:00,11948,287840
2022-03-14T07:08:57.378625191+00:00,11948,287840
2022-03-14T07:08:58.379891072+00:00,11948,287788
2022-03-14T07:08:59.382619205+00:00,11948,287856
2022-03-14T07:09:00.384106489+00:00,11948,287292
2022-03-14T07:09:01.386454983+00:00,11948,287352
2022-03-14T07:09:02.388773547+00:00,11948,287352
2022-03-14T07:09:03.391170015+00:00,11948,288108
2022-03-14T07:09:04.392790731+00:00,11948,288020
2022-03-14T07:09:05.394975238+00:00,11948,288092
2022-03-14T07:09:06.396920174+00:00,11948,287964
2022-03-14T07:09:07.399082143+00:00,11948,288328
2022-03-14T07:09:08.401284521+00:00,11948,287948
2022-03-14T07:09:09.403574585+00:00,11948,288000
2022-03-14T07:09:10.405527178+00:00,11948,288060
2022-03-14T07:09:11.407702653+00:00,11948,287792
2022-03-14T07:09:12.410373007+00:00,11948,287792
2022-03-14T07:09:13.413217951+00:00,11948,287768
2022-03-14T07:09:14.415317291+00:00,11948,287776
2022-03-14T07:09:15.418221096+00:00,11948,287760
2022-03-14T07:09:16.420919659+00:00,11948,287760
2022-03-14T07:09:17.423806987+00:00,11948,287744
2022-03-14T07:09:18.426414205+00:00,11948,287744
2022-03-14T07:09:19.429211068+00:00,11948,287556
2022-03-14T07:09:20.431807442+00:00,11948,287572
2022-03-14T07:09:21.434593260+00:00,11948,287572
2022-03-14T07:09:22.437271083+00:00,11948,287572
2022-03-14T07:09:23.440119483+00:00,11948,287052
2022-03-14T07:09:24.442215634+00:00,11948,287068
2022-03-14T07:09:25.444577995+00:00,11948,287320
2022-03-14T07:09:26.446783960+00:00,11948,287320
2022-03-14T07:09:27.449570983+00:00,11948,287572
2022-03-14T07:09:28.451910833+00:00,11948,287572
2022-03-14T07:09:29.454747095+00:00,11948,287068
2022-03-14T07:09:30.457227115+00:00,11948,287068
2022-03-14T07:09:31.460029659+00:00,11948,286816
2022-03-14T07:09:32.462384637+00:00,11948,286816
2022-03-14T07:09:33.464821991+00:00,11948,287048
2022-03-14T07:09:34.467192756+00:00,11948,287052
2022-03-14T07:09:35.470913600+00:00,11948,287036
2022-03-14T07:09:36.473229366+00:00,11948,287036
2022-03-14T07:09:37.476041796+00:00,11948,286784
2022-03-14T07:09:38.478576950+00:00,11948,286784
2022-03-14T07:09:39.480769657+00:00,11948,286708
2022-03-14T07:09:40.483724578+00:00,11948,286768
2022-03-14T07:09:41.485872126+00:00,11948,286492
2022-03-14T07:09:42.488458148+00:00,11948,286500
2022-03-14T07:09:43.489869866+00:00,11948,286432
2022-03-14T07:09:44.491939361+00:00,11948,286484
2022-03-14T07:09:45.494538811+00:00,11948,287172
2022-03-14T07:09:46.497167855+00:00,11948,287224
2022-03-14T07:09:47.499318855+00:00,11948,287216
2022-03-14T07:09:48.501878422+00:00,11948,287224
2022-03-14T07:09:49.504033134+00:00,11948,286948
2022-03-14T07:09:50.506310548+00:00,11948,287980
2022-03-14T07:09:51.508512547+00:00,11948,288664
2022-03-14T07:09:52.511226046+00:00,11948,288736
2022-03-14T07:09:53.513358799+00:00,11948,287696
2022-03-14T07:09:54.515657533+00:00,11948,288544
2022-03-14T07:09:55.517799489+00:00,11948,288912
2022-03-14T07:09:56.520360892+00:00,11948,288956
2022-03-14T07:09:57.522514482+00:00,11948,289140
2022-03-14T07:09:58.524846338+00:00,11948,289208
2022-03-14T07:09:59.526902705+00:00,11948,289200
2022-03-14T07:10:00.529052405+00:00,11948,289208
2022-03-14T07:10:01.531580837+00:00,11948,289308
2022-03-14T07:10:02.533637135+00:00,11948,289444
2022-03-14T07:10:03.535794642+00:00,11948,288940
2022-03-14T07:10:04.537935829+00:00,11948,288940
2022-03-14T07:10:05.540383699+00:00,11948,288896
2022-03-14T07:10:06.542526383+00:00,11948,288940
2022-03-14T07:10:07.544679847+00:00,11948,288856
2022-03-14T07:10:08.547044623+00:00,11948,288924
2022-03-14T07:10:09.549052670+00:00,11948,288656
2022-03-14T07:10:10.551276871+00:00,11948,288656
2022-03-14T07:10:11.553422638+00:00,11948,288404
2022-03-14T07:10:12.555484773+00:00,11948,288404
2022-03-14T07:10:13.557782698+00:00,11948,288596
2022-03-14T07:10:14.559956013+00:00,11948,288656
2022-03-14T07:10:15.562201326+00:00,11948,288284
2022-03-14T07:10:16.564344590+00:00,11948,288404
2022-03-14T07:10:17.565906896+00:00,11948,288484
2022-03-14T07:10:18.568327007+00:00,11948,288656
2022-03-14T07:10:19.570483718+00:00,11948,288344
2022-03-14T07:10:20.572554587+00:00,11948,288656
2022-03-14T07:10:21.575133616+00:00,11948,288656
2022-03-14T07:10:22.577294542+00:00,11948,288152
2022-03-14T07:10:23.579577596+00:00,11948,288152
2022-03-14T07:10:24.580743965+00:00,11948,288136
2022-03-14T07:10:25.583456943+00:00,11948,288136
2022-03-14T07:10:26.585763485+00:00,11948,287884
2022-03-14T07:10:27.588142749+00:00,11948,287884
2022-03-14T07:10:28.590320816+00:00,11948,288632
2022-03-14T07:10:29.592904530+00:00,11948,288640
2022-03-14T07:10:30.594841544+00:00,11948,288372
2022-03-14T07:10:31.598207330+00:00,11948,288372
2022-03-14T07:10:32.600556500+00:00,11948,288364
2022-03-14T07:10:33.602703355+00:00,11948,288372
2022-03-14T07:10:34.606119858+00:00,11948,288876
2022-03-14T07:10:35.608210764+00:00,11948,288876
2022-03-14T07:10:36.610687518+00:00,11948,288876
2022-03-14T07:10:37.612821547+00:00,11948,288876
2022-03-14T07:10:38.615482578+00:00,11948,288548
2022-03-14T07:10:39.617717410+00:00,11948,288624
2022-03-14T07:10:40.620441730+00:00,11948,288876
2022-03-14T07:10:41.622594407+00:00,11948,288876
2022-03-14T07:10:42.624323481+00:00,11948,288120
2022-03-14T07:10:43.626326485+00:00,11948,288120
2022-03-14T07:10:44.628927759+00:00,11948,288048
2022-03-14T07:10:45.631850078+00:00,11948,288120
2022-03-14T07:10:46.634188395+00:00,11948,287572
2022-03-14T07:10:47.636567426+00:00,11948,287616
2022-03-14T07:10:48.639224803+00:00,11948,287824
2022-03-14T07:10:49.641377155+00:00,11948,287868
2022-03-14T07:10:50.644031519+00:00,11948,288004
2022-03-14T07:10:51.646475439+00:00,11948,288012
2022-03-14T07:10:52.648959214+00:00,11948,288380
2022-03-14T07:10:53.651339157+00:00,11948,288548
2022-03-14T07:10:54.653960546+00:00,11948,287968
2022-03-14T07:10:55.656446787+00:00,11948,287968
2022-03-14T07:10:56.658995965+00:00,11948,288244
2022-03-14T07:10:57.661198277+00:00,11948,288296
2022-03-14T07:10:58.663743851+00:00,11948,288480
2022-03-14T07:10:59.666073959+00:00,11948,288480
2022-03-14T07:11:00.668911910+00:00,11948,288228
2022-03-14T07:11:01.671489523+00:00,11948,288296
2022-03-14T07:11:02.673705489+00:00,11948,288288
2022-03-14T07:11:03.676573600+00:00,11948,288296
2022-03-14T07:11:04.678766739+00:00,11948,288732
2022-03-14T07:11:05.681377111+00:00,11948,288800
2022-03-14T07:11:06.683331394+00:00,11948,288028
2022-03-14T07:11:07.685505241+00:00,11948,288044
2022-03-14T07:11:08.687694174+00:00,11948,287740
2022-03-14T07:11:09.690534693+00:00,11948,287792
2022-03-14T07:11:10.692619415+00:00,11948,287548
2022-03-14T07:11:11.694229243+00:00,11948,287548
2022-03-14T07:11:12.696167225+00:00,11948,287984
2022-03-14T07:11:13.698707160+00:00,11948,288044
2022-03-14T07:11:14.700778591+00:00,11948,288532
2022-03-14T07:11:15.703391529+00:00,11948,288548
2022-03-14T07:11:16.705477281+00:00,11948,288184
2022-03-14T07:11:17.707319355+00:00,11948,288296
2022-03-14T07:11:18.709180701+00:00,11948,287228
2022-03-14T07:11:19.711592633+00:00,11948,287732
2022-03-14T07:11:20.713784968+00:00,11948,287792
2022-03-14T07:11:21.716801483+00:00,11948,287288
2022-03-14T07:11:22.718971474+00:00,11948,287288
2022-03-14T07:11:23.721622440+00:00,11948,287288
2022-03-14T07:11:24.723738054+00:00,11948,287288
2022-03-14T07:11:25.726318892+00:00,11948,287496
2022-03-14T07:11:26.727839885+00:00,11948,287540
2022-03-14T07:11:27.730387476+00:00,11948,287540
2022-03-14T07:11:28.731785851+00:00,11948,287540
2022-03-14T07:11:29.733938615+00:00,11948,287028
2022-03-14T07:11:30.736139088+00:00,11948,287036
2022-03-14T07:11:31.738793354+00:00,11948,287532
2022-03-14T07:11:32.741041294+00:00,11948,287540
2022-03-14T07:11:33.743164677+00:00,11948,286992
2022-03-14T07:11:34.745349462+00:00,11948,287036
2022-03-14T07:11:35.748402822+00:00,11948,287028
2022-03-14T07:11:36.750406649+00:00,11948,287020
2022-03-14T07:11:37.752359151+00:00,11948,286708
2022-03-14T07:11:38.754581031+00:00,11948,286752
2022-03-14T07:11:39.756525384+00:00,11948,286692
2022-03-14T07:11:40.758719876+00:00,11948,286736
2022-03-14T07:11:41.761395970+00:00,11948,286668
2022-03-14T07:11:42.763537598+00:00,11960,287492
2022-03-14T07:11:43.765842116+00:00,11960,287432
2022-03-14T07:11:44.768032709+00:00,11960,287476
2022-03-14T07:11:45.770704972+00:00,11960,287416
2022-03-14T07:11:46.773605806+00:00,11960,287460
2022-03-14T07:11:47.776299272+00:00,11960,285656
2022-03-14T07:11:48.778459733+00:00,11960,285824
2022-03-14T07:11:49.780724834+00:00,11960,286032
2022-03-14T07:11:50.783166325+00:00,11960,286076
2022-03-14T07:11:51.785901379+00:00,11960,286032
2022-03-14T07:11:52.788688675+00:00,11960,286076
2022-03-14T07:11:53.791348033+00:00,11960,286032
2022-03-14T07:11:54.793544972+00:00,11960,286832
2022-03-14T07:11:55.795907832+00:00,11960,286684
2022-03-14T07:11:56.798419993+00:00,11960,287840
2022-03-14T07:11:57.801040877+00:00,11960,288048
2022-03-14T07:11:58.803307172+00:00,11960,288092
2022-03-14T07:11:59.805446118+00:00,11960,288348
2022-03-14T07:12:00.807999581+00:00,11960,288392
2022-03-14T07:12:01.810339470+00:00,11960,288616
2022-03-14T07:12:02.812786522+00:00,11960,288644
2022-03-14T07:12:03.815447151+00:00,11960,288392
2022-03-14T07:12:04.817851340+00:00,11960,288392
2022-03-14T07:12:05.820503409+00:00,11960,288096
2022-03-14T07:12:06.822895412+00:00,11960,288140
2022-03-14T07:12:07.825830861+00:00,11960,288012
2022-03-14T07:12:08.828902801+00:00,11960,288140
2022-03-14T07:12:09.831642290+00:00,11960,288080
2022-03-14T07:12:10.833384387+00:00,11960,288140
2022-03-14T07:12:11.835290762+00:00,11960,287872
2022-03-14T07:12:12.838088803+00:00,11960,287888
2022-03-14T07:12:13.840525932+00:00,11960,287844
2022-03-14T07:12:14.842998452+00:00,11960,287888
2022-03-14T07:12:15.845400538+00:00,11960,287716
2022-03-14T07:12:16.848269256+00:00,11960,287888
2022-03-14T07:12:17.850531516+00:00,11960,287376
2022-03-14T07:12:18.853494620+00:00,11960,287872
2022-03-14T07:12:19.855874738+00:00,11960,287872
2022-03-14T07:12:20.858900928+00:00,11960,287620
2022-03-14T07:12:21.861200429+00:00,11960,287620
2022-03-14T07:12:22.863783994+00:00,11960,287604
2022-03-14T07:12:23.866132627+00:00,11960,287604
2022-03-14T07:12:24.868621362+00:00,11960,287560
2022-03-14T07:12:25.870027445+00:00,11960,287856
2022-03-14T07:12:26.872792922+00:00,11960,288108
2022-03-14T07:12:27.875381808+00:00,11960,288108
2022-03-14T07:12:28.878317153+00:00,11960,288032
2022-03-14T07:12:29.880713979+00:00,11960,288108
2022-03-14T07:12:30.883404453+00:00,11960,288360
2022-03-14T07:12:31.885791240+00:00,11960,288360
2022-03-14T07:12:32.888808196+00:00,11960,287988
2022-03-14T07:12:33.891265655+00:00,11960,288108
2022-03-14T07:12:34.893799986+00:00,11960,288180
2022-03-14T07:12:35.896164383+00:00,11960,288344
2022-03-14T07:12:36.899269987+00:00,11960,288580
2022-03-14T07:12:37.902290153+00:00,13548,283988
2022-03-14T07:12:38.905068087+00:00,13576,283948
2022-03-14T07:12:39.908011702+00:00,13584,283468
2022-03-14T07:12:40.910703221+00:00,13584,282484
2022-03-14T07:12:41.913461483+00:00,13584,282452
2022-03-14T07:12:42.916129523+00:00,13584,282988
2022-03-14T07:12:43.918776362+00:00,13572,282648
2022-03-14T07:12:44.921407730+00:00,13584,282328
2022-03-14T07:12:45.924179071+00:00,13584,282444
2022-03-14T07:12:46.926982008+00:00,13584,283296
2022-03-14T07:12:47.929664066+00:00,13584,282948
2022-03-14T07:12:48.932634668+00:00,13572,282640
2022-03-14T07:12:49.934159893+00:00,13584,282468
2022-03-14T07:12:50.936810997+00:00,13584,283500
2022-03-14T07:12:51.940146503+00:00,13584,283532
2022-03-14T07:12:52.942750736+00:00,13584,282616
2022-03-14T07:12:53.945341203+00:00,13572,283508
2022-03-14T07:12:54.947960944+00:00,13584,283776
2022-03-14T07:12:55.950710798+00:00,13584,283728
2022-03-14T07:12:56.953348791+00:00,13584,283632
2022-03-14T07:12:57.956054027+00:00,13584,283712
2022-03-14T07:12:58.958708296+00:00,13584,283620
2022-03-14T07:12:59.961520353+00:00,13584,283744
2022-03-14T07:13:00.963331412+00:00,13584,283892
2022-03-14T07:13:01.965956743+00:00,13584,284868
2022-03-14T07:13:02.968782259+00:00,13584,284932
2022-03-14T07:13:03.971264416+00:00,13572,283700
2022-03-14T07:13:04.973923106+00:00,13584,283980
2022-03-14T07:13:05.976569557+00:00,13584,284056
2022-03-14T07:13:06.979492329+00:00,13584,283236
2022-03-14T07:13:07.981991092+00:00,13584,284008
2022-03-14T07:13:08.984390818+00:00,13584,283428
2022-03-14T07:13:09.986188757+00:00,13584,283592
2022-03-14T07:13:10.988624396+00:00,13584,283260
2022-03-14T07:13:11.990342815+00:00,13584,284300
2022-03-14T07:13:12.992738293+00:00,13584,283944
2022-03-14T07:13:13.995395595+00:00,13584,283384
2022-03-14T07:13:14.998183311+00:00,13584,283276
2022-03-14T07:13:16.000726232+00:00,13584,283300
2022-03-14T07:13:17.003251431+00:00,13584,283196
2022-03-14T07:13:18.005894468+00:00,13584,284252
2022-03-14T07:13:19.008249764+00:00,13584,282888
2022-03-14T07:13:20.010698744+00:00,13584,283716
2022-03-14T07:13:21.013170257+00:00,13584,283420
2022-03-14T07:13:22.015152855+00:00,13584,283812
2022-03-14T07:13:23.017922133+00:00,13584,283772
2022-03-14T07:13:24.020382527+00:00,13576,281968
2022-03-14T07:13:25.022881603+00:00,13584,282300
2022-03-14T07:13:26.026121172+00:00,13584,282804
2022-03-14T07:13:27.028568570+00:00,13584,283592
2022-03-14T07:13:28.031446665+00:00,13584,283780
2022-03-14T07:13:29.034224331+00:00,13572,281448
2022-03-14T07:13:30.036614217+00:00,13584,282544
2022-03-14T07:13:31.039084230+00:00,13584,282796
2022-03-14T07:13:32.041870957+00:00,13588,282136
2022-03-14T07:13:33.044447903+00:00,13588,282656
2022-03-14T07:13:34.047097241+00:00,13588,279764
2022-03-14T07:13:35.049258717+00:00,13588,279808
2022-03-14T07:13:36.051959899+00:00,13588,281552
2022-03-14T07:13:37.054387883+00:00,13588,281364
2022-03-14T07:13:38.056966540+00:00,13764,282404
2022-03-14T07:13:39.059578006+00:00,13768,280436
2022-03-14T07:13:40.062372176+00:00,13772,282496
2022-03-14T07:13:41.065011385+00:00,13928,281556
2022-03-14T07:13:42.067643236+00:00,13936,283316
2022-03-14T07:13:43.069076480+00:00,13936,282844
2022-03-14T07:13:44.072024735+00:00,13936,281408
2022-03-14T07:13:45.074790836+00:00,13952,281792
2022-03-14T07:13:46.077161682+00:00,14112,281744
2022-03-14T07:13:47.080023898+00:00,14264,282424
2022-03-14T07:13:48.082075090+00:00,14592,279560
2022-03-14T07:13:49.085014832+00:00,14596,278236
2022-03-14T07:13:50.087324316+00:00,14600,277760
2022-03-14T07:13:51.089307174+00:00,14604,276512
2022-03-14T07:13:52.091798477+00:00,14604,275192
2022-03-14T07:13:53.094463145+00:00,14596,275140
2022-03-14T07:13:54.097636119+00:00,16056,257852
2022-03-14T07:13:55.099216884+00:00,15852,269364
2022-03-14T07:13:56.102183918+00:00,15844,271776
2022-03-14T07:13:57.104608169+00:00,15864,272520
2022-03-14T07:13:58.107717217+00:00,15908,266788
2022-03-14T07:13:59.110957572+00:00,16076,266308
2022-03-14T07:14:00.113985454+00:00,16208,258912
2022-03-14T07:14:01.117101752+00:00,16452,257972
2022-03-14T07:14:02.121079600+00:00,18332,245052
2022-03-14T07:14:03.125324490+00:00,20660,235044
2022-03-14T07:14:04.129007400+00:00,21584,231716
2022-03-14T07:14:05.133332618+00:00,22376,232972
2022-03-14T07:14:06.137010867+00:00,22452,227624
2022-03-14T07:14:07.140124301+00:00,23036,229652
2022-03-14T07:14:08.143832674+00:00,22928,232196
2022-03-14T07:14:09.146838883+00:00,22784,237648
2022-03-14T07:14:10.149824631+00:00,21764,259896
2022-03-14T07:14:11.153055351+00:00,21764,261824
2022-03-14T07:14:12.156230485+00:00,21764,261824
2022-03-14T07:14:13.159357125+00:00,21764,261792
2022-03-14T07:14:14.162374489+00:00,21752,261800
2022-03-14T07:14:15.165424922+00:00,21764,259556
2022-03-14T07:14:16.168415413+00:00,21764,259556
2022-03-14T07:14:17.171464311+00:00,21764,263336
2022-03-14T07:14:18.174627991+00:00,21764,263304
2022-03-14T07:14:19.177666509+00:00,21752,259752
2022-03-14T07:14:20.180710326+00:00,21764,260028
2022-03-14T07:14:21.184649254+00:00,21764,261288
2022-03-14T07:14:22.189634651+00:00,21764,262296
2022-03-14T07:14:23.191763642+00:00,21764,262768
2022-03-14T07:14:24.195618407+00:00,21764,262768
2022-03-14T07:14:25.200374062+00:00,21764,265288
2022-03-14T07:14:26.203487828+00:00,21764,265288
2022-03-14T07:14:27.207410970+00:00,21764,262012
2022-03-14T07:14:28.210595760+00:00,21764,262216
2022-03-14T07:14:29.213822707+00:00,21764,261712
2022-03-14T07:14:30.217942015+00:00,21764,261712
2022-03-14T07:14:31.221355793+00:00,21764,263728
2022-03-14T07:14:32.224869723+00:00,21764,263980
2022-03-14T07:14:33.227880149+00:00,21764,262468
2022-03-14T07:14:34.231087888+00:00,21764,262500
2022-03-14T07:14:35.234376568+00:00,21764,263508
2022-03-14T07:14:36.238179151+00:00,21764,263540
2022-03-14T07:14:37.242679069+00:00,21764,261440
2022-03-14T07:14:38.245339483+00:00,21764,261020
2022-03-14T07:14:39.249056691+00:00,21764,261104
2022-03-14T07:14:40.251649843+00:00,21764,261524
2022-03-14T07:14:41.256246039+00:00,21764,263792
2022-03-14T07:14:42.258935310+00:00,21764,264076
2022-03-14T07:14:43.262180475+00:00,21764,261880
2022-03-14T07:14:44.265296199+00:00,21764,262028
2022-03-14T07:14:45.269166044+00:00,21764,262060
2022-03-14T07:14:46.272276689+00:00,21764,264832
2022-03-14T07:14:47.276815875+00:00,21764,264832
2022-03-14T07:14:48.279912524+00:00,21764,266300
2022-03-14T07:14:49.284240932+00:00,21764,266376
2022-03-14T07:14:50.287266900+00:00,21764,263856
2022-03-14T07:14:51.291077060+00:00,21764,263856
2022-03-14T07:14:52.294639942+00:00,21764,264864
2022-03-14T07:14:53.296740481+00:00,21764,264664
2022-03-14T07:14:54.300555589+00:00,21764,266156
2022-03-14T07:14:55.303676962+00:00,21764,266156
2022-03-14T07:14:56.307503874+00:00,21764,265652
2022-03-14T07:14:57.310609360+00:00,21764,265620
2022-03-14T07:14:58.314452605+00:00,21764,264492
2022-03-14T07:14:59.317557569+00:00,21764,264896
2022-03-14T07:15:00.322104135+00:00,21764,265148
2022-03-14T07:15:01.325333935+00:00,21764,265180
2022-03-14T07:15:02.329177223+00:00,21764,264928
2022-03-14T07:15:03.332093844+00:00,21764,265068
2022-03-14T07:15:04.335335697+00:00,21764,264392
2022-03-14T07:15:05.338370079+00:00,21764,264392
2022-03-14T07:15:06.342219134+00:00,21764,264424
2022-03-14T07:15:07.344969170+00:00,21764,264424
2022-03-14T07:15:08.348346393+00:00,21764,263888
2022-03-14T07:15:09.351508490+00:00,21764,264140
2022-03-14T07:15:10.354890931+00:00,21764,263888
2022-03-14T07:15:11.358468330+00:00,21764,263888
2022-03-14T07:15:12.361967408+00:00,21764,263888
2022-03-14T07:15:13.364650321+00:00,21764,263604
2022-03-14T07:15:14.366626655+00:00,21764,263648
2022-03-14T07:15:15.369674218+00:00,21764,263888
2022-03-14T07:15:16.374006198+00:00,21764,263264
2022-03-14T07:15:17.377107362+00:00,21764,263384
2022-03-14T07:15:18.380643201+00:00,21764,263992
2022-03-14T07:15:19.382699984+00:00,21764,264108
2022-03-14T07:15:20.385747973+00:00,21764,263436
2022-03-14T07:15:21.388522705+00:00,21764,263588
2022-03-14T07:15:22.391446587+00:00,21764,263600
2022-03-14T07:15:23.393901134+00:00,21764,263572
2022-03-14T07:15:24.396512556+00:00,21764,263024
2022-03-14T07:15:25.399425183+00:00,21764,263240
2022-03-14T07:15:26.401754745+00:00,21764,262584
2022-03-14T07:15:27.404424424+00:00,21764,263476
2022-03-14T07:15:28.407060399+00:00,21764,263688
2022-03-14T07:15:29.409821747+00:00,21764,263696
2022-03-14T07:15:30.412120665+00:00,21764,263208
2022-03-14T07:15:31.414749863+00:00,21764,263304
2022-03-14T07:15:32.417054438+00:00,21764,263280
2022-03-14T07:15:33.419790614+00:00,21764,264280
2022-03-14T07:15:34.422346160+00:00,21764,263740
2022-03-14T07:15:35.425112181+00:00,21764,264264
2022-03-14T07:15:36.427758757+00:00,21764,262240
2022-03-14T07:15:37.430464612+00:00,21764,264516
2022-03-14T07:15:38.433134729+00:00,21764,264416
2022-03-14T07:15:39.436061016+00:00,21764,263792
2022-03-14T07:15:40.438720549+00:00,21764,263792
2022-03-14T07:15:41.441677884+00:00,21764,263540
2022-03-14T07:15:42.444420223+00:00,21764,263540
2022-03-14T07:15:43.447166335+00:00,21764,263288
2022-03-14T07:15:44.450393192+00:00,21764,263320
2022-03-14T07:15:45.453031562+00:00,21764,263036
2022-03-14T07:15:46.455694056+00:00,21764,263540
2022-03-14T07:15:47.458588704+00:00,21764,263288
2022-03-14T07:15:48.461378654+00:00,21764,263172
2022-03-14T07:15:49.464097431+00:00,21764,263288
2022-03-14T07:15:50.466788994+00:00,21764,263288
2022-03-14T07:15:51.470302402+00:00,21764,263256
2022-03-14T07:15:52.473512921+00:00,21764,263256
2022-03-14T07:15:53.476572592+00:00,21764,263036
2022-03-14T07:15:54.480231003+00:00,21764,263036
2022-03-14T07:15:55.483342891+00:00,21764,263036
2022-03-14T07:15:56.486096506+00:00,21764,263004
2022-03-14T07:15:57.488924888+00:00,21764,262784
2022-03-14T07:15:58.491858118+00:00,21764,262304
2022-03-14T07:15:59.494634330+00:00,21764,262816
2022-03-14T07:16:00.497595029+00:00,21764,262816
2022-03-14T07:16:01.499135866+00:00,21764,262028
2022-03-14T07:16:02.502171583+00:00,21764,262028
2022-03-14T07:16:03.504743077+00:00,21764,261516
2022-03-14T07:16:04.507944663+00:00,21764,261524
2022-03-14T07:16:05.510611823+00:00,21764,262532
2022-03-14T07:16:06.513116226+00:00,21764,262532
2022-03-14T07:16:07.515587808+00:00,21764,262500
2022-03-14T07:16:08.519117971+00:00,21764,262204
2022-03-14T07:16:09.521764747+00:00,21764,261996
2022-03-14T07:16:10.524868444+00:00,21764,261996
2022-03-14T07:16:11.527613986+00:00,21764,261996
2022-03-14T07:16:12.530014519+00:00,21764,262356
2022-03-14T07:16:13.533336343+00:00,21764,262068
2022-03-14T07:16:14.536220883+00:00,21764,262216
2022-03-14T07:16:15.539308904+00:00,21764,261812
2022-03-14T07:16:16.542596601+00:00,21764,261932
2022-03-14T07:16:17.545294976+00:00,21764,263132
2022-03-14T07:16:18.548884529+00:00,21764,262136
2022-03-14T07:16:19.552348966+00:00,21764,262548
2022-03-14T07:16:20.555106800+00:00,21764,262624
2022-03-14T07:16:21.557646079+00:00,21764,263224
2022-03-14T07:16:22.559697353+00:00,21764,263332
2022-03-14T07:16:23.562398850+00:00,21764,262292
2022-03-14T07:16:24.565154055+00:00,21764,262324
2022-03-14T07:16:25.567464665+00:00,21764,262356
2022-03-14T07:16:26.570168511+00:00,21764,262356
2022-03-14T07:16:27.573408756+00:00,21764,261488
2022-03-14T07:16:28.576123562+00:00,21764,261460
2022-03-14T07:16:29.578874874+00:00,21764,263240
2022-03-14T07:16:30.581700848+00:00,21764,263348
2022-03-14T07:16:31.584061245+00:00,21764,262740
2022-03-14T07:16:32.587056673+00:00,21764,262812
2022-03-14T07:16:33.590575678+00:00,21764,261696
2022-03-14T07:16:34.593717872+00:00,21764,261836
2022-03-14T07:16:35.596895693+00:00,21764,261976
2022-03-14T07:16:36.600559406+00:00,21764,262088
2022-03-14T07:16:37.603541864+00:00,21764,261428
2022-03-14T07:16:38.605879238+00:00,21764,263568
2022-03-14T07:16:39.609138366+00:00,21764,263620
2022-03-14T07:16:40.611792948+00:00,21764,263852
2022-03-14T07:16:41.614767958+00:00,21764,265508
2022-03-14T07:16:42.617887320+00:00,21764,265568
2022-03-14T07:16:43.620854145+00:00,21764,263152
2022-03-14T07:16:44.623940223+00:00,21764,263584
2022-03-14T07:16:45.627526391+00:00,21764,263212
2022-03-14T07:16:46.631342723+00:00,21764,264088
2022-03-14T07:16:47.634479575+00:00,21764,261316
2022-03-14T07:16:48.638104129+00:00,21764,261064
2022-03-14T07:16:49.641169224+00:00,21764,261064
2022-03-14T07:16:50.645772580+00:00,21764,260560
2022-03-14T07:16:51.650779687+00:00,21764,261568
2022-03-14T07:16:52.655397196+00:00,21764,261616
2022-03-14T07:16:53.659897237+00:00,21764,261632
2022-03-14T07:16:54.662985338+00:00,21744,261568
2022-03-14T07:16:55.666830081+00:00,21744,261284
2022-03-14T07:16:56.669902100+00:00,21764,262088
2022-03-14T07:16:57.673706678+00:00,21764,262088
2022-03-14T07:16:58.676832214+00:00,21764,262088
2022-03-14T07:16:59.680671345+00:00,21764,262056
2022-03-14T07:17:00.683440876+00:00,21764,262308
2022-03-14T07:17:01.687256949+00:00,21764,262196
2022-03-14T07:17:02.690849217+00:00,21764,263316
2022-03-14T07:17:03.694584529+00:00,21764,263316
2022-03-14T07:17:04.697677481+00:00,21764,263064
2022-03-14T07:17:05.702416660+00:00,21764,263032
2022-03-14T07:17:06.705336080+00:00,21764,263420
2022-03-14T07:17:07.710155458+00:00,21764,263536
2022-03-14T07:17:08.713787302+00:00,21764,262276
2022-03-14T07:17:09.718378218+00:00,21764,262276
2022-03-14T07:17:10.721975042+00:00,21764,262512
2022-03-14T07:17:11.724747497+00:00,21764,262496
2022-03-14T07:17:12.727827769+00:00,21764,261732
2022-03-14T07:17:13.730564314+00:00,21764,261804
2022-03-14T07:17:14.733574780+00:00,21764,263064
2022-03-14T07:17:15.736498404+00:00,21764,263064
2022-03-14T07:17:16.739587491+00:00,21764,262560
2022-03-14T07:17:17.743265721+00:00,21764,262560
2022-03-14T07:17:18.746293665+00:00,21764,261520
2022-03-14T07:17:19.749006230+00:00,21764,261520
2022-03-14T07:17:20.752076844+00:00,21764,261396
2022-03-14T07:17:21.754714422+00:00,21764,261144
2022-03-14T07:17:22.757793649+00:00,21764,262856
2022-03-14T07:17:23.760504825+00:00,21764,262908
2022-03-14T07:17:24.763782164+00:00,21764,262152
2022-03-14T07:17:25.766872208+00:00,21764,262876
2022-03-14T07:17:26.770531087+00:00,21764,262696
2022-03-14T07:17:27.774275948+00:00,21764,262844
2022-03-14T07:17:28.777893123+00:00,21764,262692
2022-03-14T07:17:29.781967219+00:00,21764,262844
2022-03-14T07:17:30.785151267+00:00,21764,262508
2022-03-14T07:17:31.788993248+00:00,21764,264248
2022-03-14T07:17:32.792482562+00:00,21764,263396
2022-03-14T07:17:33.795398645+00:00,21764,263492
2022-03-14T07:17:34.797909041+00:00,21764,263508
2022-03-14T07:17:35.802125349+00:00,21764,263508
2022-03-14T07:17:36.805413620+00:00,21764,264264
2022-03-14T07:17:37.809330963+00:00,21764,264264
2022-03-14T07:17:38.812941305+00:00,21764,264168
2022-03-14T07:17:39.817230837+00:00,21764,264296
2022-03-14T07:17:40.819817333+00:00,21764,263580
2022-03-14T07:17:41.824382823+00:00,21764,263792
2022-03-14T07:17:42.827406013+00:00,21752,263640
2022-03-14T07:17:43.831202911+00:00,21752,263792
2022-03-14T07:17:44.834457662+00:00,21752,262128
2022-03-14T07:17:45.838259911+00:00,21752,263256
2022-03-14T07:17:46.841170866+00:00,21752,263512
2022-03-14T07:17:47.845022788+00:00,21752,263792
2022-03-14T07:17:48.848412379+00:00,21752,264768
2022-03-14T07:17:49.852420864+00:00,21752,265020
2022-03-14T07:17:50.855558651+00:00,21752,265020
2022-03-14T07:17:51.859310621+00:00,21752,264768
2022-03-14T07:17:52.862443675+00:00,21752,264768
2022-03-14T07:17:53.865886109+00:00,21752,267352
2022-03-14T07:17:54.869506285+00:00,21752,267540
2022-03-14T07:17:55.873297859+00:00,21752,267760
2022-03-14T07:17:56.875767723+00:00,21752,267760
2022-03-14T07:17:57.880573609+00:00,21752,267760
2022-03-14T07:17:58.883510929+00:00,21752,267760
2022-03-14T07:17:59.886341378+00:00,21752,268768
2022-03-14T07:18:00.890931444+00:00,21752,268768
2022-03-14T07:18:01.893957215+00:00,21752,268012
2022-03-14T07:18:02.898532812+00:00,21752,267980
2022-03-14T07:18:03.901108678+00:00,21752,267476
2022-03-14T07:18:04.904965846+00:00,21752,268232
2022-03-14T07:18:05.908258702+00:00,21752,268988
2022-03-14T07:18:06.912076195+00:00,21752,268988
2022-03-14T07:18:07.914610139+00:00,21752,267980
2022-03-14T07:18:08.917649833+00:00,21752,267980
2022-03-14T07:18:09.920661223+00:00,21752,267696
2022-03-14T07:18:10.924456632+00:00,21752,267696
2022-03-14T07:18:11.927016733+00:00,21752,268200
2022-03-14T07:18:12.931090314+00:00,21752,268200
2022-03-14T07:18:13.934621690+00:00,21752,266656
2022-03-14T07:18:14.937953337+00:00,21752,267664
2022-03-14T07:18:15.940681246+00:00,21752,267412
2022-03-14T07:18:16.944963521+00:00,21752,267412
2022-03-14T07:18:17.947539522+00:00,21752,267128
2022-03-14T07:18:18.950923836+00:00,21752,267128
2022-03-14T07:18:19.953648370+00:00,21752,266152
2022-03-14T07:18:20.957204476+00:00,21752,266152
2022-03-14T07:18:21.959832204+00:00,21752,267160
2022-03-14T07:18:22.963670371+00:00,21752,267160
2022-03-14T07:18:23.966355626+00:00,21752,266908
2022-03-14T07:18:24.970151119+00:00,21752,266876
2022-03-14T07:18:25.972696641+00:00,21752,265868
2022-03-14T07:18:26.976854186+00:00,21752,265868
2022-03-14T07:18:27.979534856+00:00,21752,265616
2022-03-14T07:18:28.983601288+00:00,21752,265616
2022-03-14T07:18:29.986610066+00:00,21752,265364
2022-03-14T07:18:30.990440364+00:00,21752,265332
2022-03-14T07:18:31.993044901+00:00,21752,264324
2022-03-14T07:18:32.996846651+00:00,21752,264356
2022-03-14T07:18:33.999779322+00:00,21752,265112
2022-03-14T07:18:35.003875706+00:00,21752,265112
2022-03-14T07:18:36.006532680+00:00,21752,264844
2022-03-14T07:18:37.010312495+00:00,21752,264844
2022-03-14T07:18:38.013036552+00:00,21752,264560
2022-03-14T07:18:39.016389532+00:00,21752,264560
2022-03-14T07:18:40.019042753+00:00,21752,264292
2022-03-14T07:18:41.022868639+00:00,21752,264292
2022-03-14T07:18:42.025555414+00:00,21752,264056
2022-03-14T07:18:43.029358687+00:00,21752,264844
2022-03-14T07:18:44.031868885+00:00,21752,264492
2022-03-14T07:18:45.036521985+00:00,21752,264560
2022-03-14T07:18:46.040110272+00:00,21752,264436
2022-03-14T07:18:47.043998041+00:00,21752,264608
2022-03-14T07:18:48.047087287+00:00,21752,266364
2022-03-14T07:18:49.050661927+00:00,21752,266372
2022-03-14T07:18:50.053685046+00:00,21752,266084
2022-03-14T07:18:51.057459251+00:00,21752,266152
2022-03-14T07:18:52.060412647+00:00,21752,267592
