2022-08-26T10:51:48.572270Z,/login,1
2022-08-26T10:51:49.576729Z,/login,2
2022-08-26T10:51:50.581080Z,/login,3
2022-08-26T10:51:51.585244Z,/login,4
2022-08-26T10:51:52.590168Z,/login,5
2022-08-26T10:51:53.594402Z,/login,6
2022-08-26T10:51:54.598482Z,/login,7
2022-08-26T10:51:55.603468Z,/login,8
2022-08-26T10:51:56.607809Z,/login,9
2022-08-26T10:51:57.612019Z,/login,10
2022-08-26T10:51:58.616335Z,/login,11
2022-08-26T10:51:59.620721Z,/login,12
2022-08-26T10:52:00.625692Z,/login,13
2022-08-26T10:52:01.630385Z,/login,14
2022-08-26T10:52:02.634660Z,/login,15
2022-08-26T10:52:03.638934Z,/login,16
2022-08-26T10:52:04.643115Z,/login,17
2022-08-26T10:52:05.647348Z,/login,18
2022-08-26T10:52:06.651955Z,/login,19
2022-08-26T10:52:07.656253Z,/login,20
2022-08-26T10:52:08.660287Z,/login,21
2022-08-26T10:52:09.664470Z,/login,22
2022-08-26T10:52:10.668612Z,/login,23
2022-08-26T10:52:11.673342Z,/login,24
2022-08-26T10:52:12.677657Z,/login,25
2022-08-26T10:52:13.682198Z,/login,26
2022-08-26T10:52:14.686777Z,/login,27
2022-08-26T10:52:15.690993Z,/login,28
2022-08-26T10:52:16.695786Z,/login,29
2022-08-26T10:52:17.700292Z,/login,30
2022-08-26T10:52:18.704533Z,/login,31
2022-08-26T10:52:19.708567Z,/login,32
2022-08-26T10:52:20.712652Z,/login,33
2022-08-26T10:52:21.716968Z,/login,34
2022-08-26T10:52:22.721437Z,/login,35
2022-08-26T10:52:23.725561Z,/login,36
2022-08-26T10:52:24.730319Z,/login,37
2022-08-26T10:52:25.734886Z,/login,38
2022-08-26T10:52:26.739657Z,/login,39
2022-08-26T10:52:27.744144Z,/login,40
2022-08-26T10:52:28.749132Z,/login,41
2022-08-26T10:52:29.753576Z,/login,42
2022-08-26T10:52:30.758232Z,/login,43
2022-08-26T10:52:31.762478Z,/login,44
2022-08-26T10:52:32.766723Z,/login,45
2022-08-26T10:52:33.770928Z,/login,46
2022-08-26T10:52:34.775316Z,/login,47
2022-08-26T10:52:35.779432Z,/login,48
2022-08-26T10:52:36.784249Z,/login,49
2022-08-26T10:52:37.788568Z,/login,50
2022-08-26T10:52:38.792903Z,/login,51
2022-08-26T10:52:39.797440Z,/login,52
2022-08-26T10:52:40.802359Z,/login,53
2022-08-26T10:52:41.806902Z,/login,54
2022-08-26T10:52:42.811361Z,/login,55
2022-08-26T10:52:43.815564Z,/login,56
2022-08-26T10:52:44.820167Z,/login,57
2022-08-26T10:52:45.824828Z,/login,58
2022-08-26T10:52:46.829245Z,/login,59
2022-08-26T10:52:47.834192Z,/login,60
2022-08-26T10:52:48.839578Z,/login,61
2022-08-26T10:52:49.844046Z,/login,62
2022-08-26T10:52:50.848265Z,/login,63
2022-08-26T10:52:51.852530Z,/login,64
2022-08-26T10:52:52.856670Z,/login,65
2022-08-26T10:52:53.860920Z,/login,66
2022-08-26T10:52:54.865328Z,/login,67
2022-08-26T10:52:55.869568Z,/login,68
2022-08-26T10:52:56.873837Z,/login,69
2022-08-26T10:52:57.878132Z,/login,70
2022-08-26T10:52:58.882475Z,/login,71
2022-08-26T10:52:59.887079Z,/login,72
2022-08-26T10:53:00.891998Z,/login,73
2022-08-26T10:53:01.896995Z,/login,74
2022-08-26T10:53:02.901314Z,/login,75
2022-08-26T10:53:03.905605Z,/login,76
2022-08-26T10:53:04.909798Z,/login,77
2022-08-26T10:53:05.914164Z,/login,78
2022-08-26T10:53:06.918446Z,/login,79
2022-08-26T10:53:07.922671Z,/login,80
2022-08-26T10:53:08.926917Z,/login,81
2022-08-26T10:53:09.931207Z,/login,82
2022-08-26T10:53:10.935445Z,/login,83
2022-08-26T10:53:11.939772Z,/login,84
2022-08-26T10:53:12.943929Z,/login,85
2022-08-26T10:53:13.948861Z,/login,86
2022-08-26T10:53:14.953042Z,/login,87
2022-08-26T10:53:15.957928Z,/login,88
2022-08-26T10:53:16.962785Z,/login,89
2022-08-26T10:53:17.967810Z,/login,90
2022-08-26T10:53:18.973246Z,/login,91
2022-08-26T10:53:19.978711Z,/login,92
2022-08-26T10:53:20.983938Z,/login,93
2022-08-26T10:53:21.988739Z,/login,94
2022-08-26T10:53:22.993055Z,/login,95
2022-08-26T10:53:23.997312Z,/login,96
2022-08-26T10:53:25.001549Z,/login,97
2022-08-26T10:53:26.005740Z,/login,98
2022-08-26T10:53:27.009972Z,/login,99
2022-08-26T10:53:28.014204Z,/login,100
2022-08-26T10:53:29.018551Z,/login,101
2022-08-26T10:53:30.022935Z,/login,102
2022-08-26T10:53:31.027163Z,/login,103
2022-08-26T10:53:32.031868Z,/login,104
2022-08-26T10:53:33.036304Z,/login,105
2022-08-26T10:53:34.041429Z,/login,106
2022-08-26T10:53:35.045872Z,/login,107
2022-08-26T10:53:36.050164Z,/login,108
2022-08-26T10:53:37.054538Z,/login,109
2022-08-26T10:53:38.059501Z,/login,110
2022-08-26T10:53:39.063999Z,/login,111
2022-08-26T10:53:40.068224Z,/login,112
2022-08-26T10:53:41.072621Z,/login,113
2022-08-26T10:53:42.077101Z,/login,114
2022-08-26T10:53:43.081281Z,/login,115
2022-08-26T10:53:44.085316Z,/login,116
2022-08-26T10:53:45.089924Z,/login,117
2022-08-26T10:53:46.094485Z,/login,118
2022-08-26T10:53:47.098815Z,/login,119
2022-08-26T10:53:48.103195Z,/login,120
2022-08-26T10:53:49.107700Z,/login,121
2022-08-26T10:53:50.112148Z,/login,122
2022-08-26T10:53:51.116438Z,/login,123
2022-08-26T10:53:52.120912Z,/login,124
2022-08-26T10:53:53.125064Z,/login,125
2022-08-26T10:53:54.129222Z,/login,126
2022-08-26T10:53:55.133454Z,/login,127
2022-08-26T10:53:56.137838Z,/login,128
2022-08-26T10:53:57.142086Z,/login,129
2022-08-26T10:53:58.146397Z,/login,130
2022-08-26T10:53:59.150668Z,/login,131
2022-08-26T10:54:00.154936Z,/login,132
2022-08-26T10:54:01.159733Z,/login,133
2022-08-26T10:54:02.164057Z,/login,134
2022-08-26T10:54:03.168269Z,/login,135
2022-08-26T10:54:04.172616Z,/login,136
2022-08-26T10:54:05.176665Z,/login,137
2022-08-26T10:54:06.181036Z,/login,138
2022-08-26T10:54:07.185634Z,/login,139
2022-08-26T10:54:08.189976Z,/login,140
2022-08-26T10:54:09.194238Z,/login,141
2022-08-26T10:54:10.198457Z,/login,142
2022-08-26T10:54:11.202632Z,/login,143
2022-08-26T10:54:12.206960Z,/login,144
2022-08-26T10:54:13.211323Z,/login,145
2022-08-26T10:54:14.215751Z,/login,146
2022-08-26T10:54:15.220132Z,/login,147
2022-08-26T10:54:16.224440Z,/login,148
2022-08-26T10:54:17.228698Z,/login,149
2022-08-26T10:54:18.232928Z,/login,150
2022-08-26T10:54:19.237817Z,/login,151
2022-08-26T10:54:20.242017Z,/login,152
2022-08-26T10:54:21.246273Z,/login,153
2022-08-26T10:54:22.250458Z,/login,154
2022-08-26T10:54:23.254554Z,/login,155
2022-08-26T10:54:24.258845Z,/login,156
2022-08-26T10:54:25.263870Z,/login,157
2022-08-26T10:54:26.268473Z,/login,158
2022-08-26T10:54:27.272708Z,/login,159
2022-08-26T10:54:28.277177Z,/login,160
2022-08-26T10:54:29.281378Z,/login,161
2022-08-26T10:54:30.285606Z,/login,162
2022-08-26T10:54:31.289773Z,/login,163
2022-08-26T10:54:32.294941Z,/login,164
2022-08-26T10:54:33.299476Z,/login,165
2022-08-26T10:54:34.303800Z,/login,166
2022-08-26T10:54:35.308088Z,/login,167
2022-08-26T10:54:36.313132Z,/login,168
2022-08-26T10:54:37.317603Z,/login,169
2022-08-26T10:54:38.322375Z,/login,170
2022-08-26T10:54:39.327631Z,/login,171
2022-08-26T10:54:40.332065Z,/login,172
2022-08-26T10:54:41.336575Z,/login,173
2022-08-26T10:54:42.341302Z,/login,174
2022-08-26T10:54:43.345762Z,/login,175
2022-08-26T10:54:44.350709Z,/login,176
2022-08-26T10:54:45.355259Z,/login,177
2022-08-26T10:54:46.359510Z,/login,178
2022-08-26T10:54:47.363797Z,/login,179
2022-08-26T10:54:48.368664Z,/login,180
2022-08-26T10:54:49.373782Z,/login,181
2022-08-26T10:54:50.378259Z,/login,182
2022-08-26T10:54:51.382597Z,/login,183
2022-08-26T10:54:52.386907Z,/login,184
2022-08-26T10:54:53.391387Z,/login,185
2022-08-26T10:54:54.396374Z,/login,186
2022-08-26T10:54:55.401477Z,/login,187
2022-08-26T10:54:56.406068Z,/login,188
2022-08-26T10:54:57.410301Z,/login,189
2022-08-26T10:54:58.414446Z,/login,190
2022-08-26T10:54:59.419021Z,/login,191
2022-08-26T10:55:00.423823Z,/login,192
2022-08-26T10:55:01.428196Z,/login,193
2022-08-26T10:55:02.432474Z,/login,194
2022-08-26T10:55:03.437421Z,/login,195
2022-08-26T10:55:04.441858Z,/login,196
2022-08-26T10:55:05.446273Z,/login,197
2022-08-26T10:55:06.450949Z,/login,198
2022-08-26T10:55:07.455467Z,/login,199
2022-08-26T10:55:08.461320Z,/login,200
2022-08-26T10:55:09.465834Z,/login,201
2022-08-26T10:55:10.470326Z,/login,202
2022-08-26T10:55:11.474867Z,/login,203
2022-08-26T10:55:12.479965Z,/login,204
2022-08-26T10:55:13.484421Z,/login,205
2022-08-26T10:55:14.488653Z,/login,206
2022-08-26T10:55:15.492908Z,/login,207
2022-08-26T10:55:16.497353Z,/login,208
2022-08-26T10:55:17.501945Z,/login,209
2022-08-26T10:55:18.506281Z,/login,210
2022-08-26T10:55:19.510748Z,/login,211
2022-08-26T10:55:20.514903Z,/login,212
2022-08-26T10:55:21.519556Z,/login,213
2022-08-26T10:55:22.523885Z,/login,214
2022-08-26T10:55:23.528112Z,/login,215
2022-08-26T10:55:24.532437Z,/login,216
2022-08-26T10:55:25.537290Z,/login,217
2022-08-26T10:55:26.542655Z,/login,218
2022-08-26T10:55:27.547320Z,/login,219
2022-08-26T10:55:28.551858Z,/login,220
2022-08-26T10:55:29.556121Z,/login,221
2022-08-26T10:55:30.560559Z,/login,222
2022-08-26T10:55:31.565845Z,/login,223
2022-08-26T10:55:32.570980Z,/login,224
2022-08-26T10:55:33.576067Z,/login,225
2022-08-26T10:55:34.581214Z,/login,226
2022-08-26T10:55:35.585493Z,/login,227
2022-08-26T10:55:36.590202Z,/login,228
2022-08-26T10:55:37.594995Z,/login,229
2022-08-26T10:55:38.599479Z,/login,230
2022-08-26T10:55:39.603902Z,/login,231
2022-08-26T10:55:40.608763Z,/login,232
2022-08-26T10:55:41.614063Z,/login,233
2022-08-26T10:55:42.618633Z,/login,234
2022-08-26T10:55:43.623109Z,/login,235
2022-08-26T10:55:44.627990Z,/login,236
2022-08-26T10:55:45.632412Z,/login,237
2022-08-26T10:55:46.637532Z,/login,238
2022-08-26T10:55:47.642822Z,/login,239
2022-08-26T10:55:48.648118Z,/login,240
2022-08-26T10:55:49.652609Z,/login,241
2022-08-26T10:55:50.657316Z,/login,242
2022-08-26T10:55:51.662301Z,/login,243
2022-08-26T10:55:52.666721Z,/login,244
2022-08-26T10:55:53.670923Z,/login,245
2022-08-26T10:55:54.675336Z,/login,246
2022-08-26T10:55:55.680501Z,/login,247
2022-08-26T10:55:56.684976Z,/login,248
2022-08-26T10:55:57.689194Z,/login,249
2022-08-26T10:55:58.693389Z,/login,250
2022-08-26T10:55:59.697809Z,/login,251
2022-08-26T10:56:00.702039Z,/login,252
2022-08-26T10:56:01.706317Z,/login,253
2022-08-26T10:56:02.710915Z,/login,254
2022-08-26T10:56:03.715325Z,/login,255
2022-08-26T10:56:04.719757Z,/login,256
2022-08-26T10:56:05.723991Z,/login,257
2022-08-26T10:56:06.728131Z,/login,258
2022-08-26T10:56:07.732414Z,/login,259
2022-08-26T10:56:08.736685Z,/login,260
2022-08-26T10:56:09.740965Z,/login,261
2022-08-26T10:56:10.745050Z,/login,262
2022-08-26T10:56:11.749202Z,/login,263
2022-08-26T10:56:12.753431Z,/login,264
2022-08-26T10:56:13.757499Z,/login,265
2022-08-26T10:56:14.761708Z,/login,266
2022-08-26T10:56:15.765962Z,/login,267
2022-08-26T10:56:16.770154Z,/login,268
2022-08-26T10:56:17.774298Z,/login,269
2022-08-26T10:56:18.778543Z,/login,270
2022-08-26T10:56:19.782860Z,/login,271
2022-08-26T10:56:20.787100Z,/login,272
2022-08-26T10:56:21.791319Z,/login,273
2022-08-26T10:56:22.795673Z,/login,274
2022-08-26T10:56:23.800840Z,/login,275
2022-08-26T10:56:24.806041Z,/login,276
2022-08-26T10:56:25.810630Z,/login,277
2022-08-26T10:56:26.814796Z,/login,278
2022-08-26T10:56:27.818934Z,/login,279
2022-08-26T10:56:28.823235Z,/login,280
2022-08-26T10:56:29.827599Z,/login,281
2022-08-26T10:56:30.831939Z,/login,282
2022-08-26T10:56:31.836670Z,/login,283
2022-08-26T10:56:32.841310Z,/login,284
2022-08-26T10:56:33.845430Z,/login,285
2022-08-26T10:56:34.850312Z,/login,286
2022-08-26T10:56:35.854787Z,/login,287
2022-08-26T10:56:36.859890Z,/login,288
2022-08-26T10:56:37.864047Z,/login,289
2022-08-26T10:56:38.868812Z,/login,290
2022-08-26T10:56:39.873273Z,/login,291
2022-08-26T10:56:40.877594Z,/login,292
2022-08-26T10:56:41.882542Z,/login,293
2022-08-26T10:56:42.887606Z,/login,294
2022-08-26T10:56:43.891912Z,/login,295
2022-08-26T10:56:44.896150Z,/login,296
2022-08-26T10:56:45.900373Z,/login,297
2022-08-26T10:56:46.904710Z,/login,298
2022-08-26T10:56:47.909167Z,/login,299
2022-08-26T10:56:48.913339Z,/login,300
2022-08-26T10:56:49.917860Z,/login,301
2022-08-26T10:56:50.922678Z,/login,302
2022-08-26T10:56:51.927102Z,/login,303
2022-08-26T10:56:52.931514Z,/login,304
2022-08-26T10:56:53.936569Z,/login,305
2022-08-26T10:56:54.941842Z,/login,306
2022-08-26T10:56:55.946180Z,/login,307
2022-08-26T10:56:56.950860Z,/login,308
2022-08-26T10:56:57.955406Z,/login,309
2022-08-26T10:56:58.959938Z,/login,310
2022-08-26T10:56:59.964250Z,/login,311
2022-08-26T10:57:00.968884Z,/login,312
2022-08-26T10:57:01.973968Z,/login,313
2022-08-26T10:57:02.978968Z,/login,314
2022-08-26T10:57:03.983358Z,/login,315
2022-08-26T10:57:04.987680Z,/login,316
2022-08-26T10:57:05.992663Z,/login,317
2022-08-26T10:57:06.997873Z,/login,318
2022-08-26T10:57:08.002466Z,/login,319
2022-08-26T10:57:09.007045Z,/login,320
2022-08-26T10:57:10.011404Z,/login,321
2022-08-26T10:57:11.015869Z,/login,322
2022-08-26T10:57:12.020160Z,/login,323
2022-08-26T10:57:13.024780Z,/login,324
2022-08-26T10:57:14.029488Z,/login,325
2022-08-26T10:57:15.034175Z,/login,326
2022-08-26T10:57:16.039065Z,/login,327
2022-08-26T10:57:17.043443Z,/login,328
2022-08-26T10:57:18.047706Z,/login,329
2022-08-26T10:57:19.052063Z,/login,330
2022-08-26T10:57:20.056193Z,/login,331
2022-08-26T10:57:21.060355Z,/login,332
2022-08-26T10:57:22.065389Z,/login,333
2022-08-26T10:57:23.069789Z,/login,334
2022-08-26T10:57:24.074372Z,/login,335
2022-08-26T10:57:25.079066Z,/login,336
2022-08-26T10:57:26.083516Z,/login,337
2022-08-26T10:57:27.087713Z,/login,338
2022-08-26T10:57:28.091815Z,/login,339
2022-08-26T10:57:29.095932Z,/login,340
2022-08-26T10:57:30.100289Z,/login,341
2022-08-26T10:57:31.104340Z,/login,342
2022-08-26T10:57:32.108805Z,/login,343
2022-08-26T10:57:33.113121Z,/login,344
2022-08-26T10:57:34.117298Z,/login,345
2022-08-26T10:57:35.121795Z,/login,346
2022-08-26T10:57:36.126299Z,/login,347
2022-08-26T10:57:37.130731Z,/login,348
2022-08-26T10:57:38.135314Z,/login,349
2022-08-26T10:57:39.139523Z,/login,350
2022-08-26T10:57:40.143858Z,/login,351
2022-08-26T10:57:41.148334Z,/login,352
2022-08-26T10:57:42.152738Z,/login,353
2022-08-26T10:57:43.157069Z,/login,354
2022-08-26T10:57:44.161500Z,/login,355
2022-08-26T10:57:45.165955Z,/login,356
2022-08-26T10:57:46.170557Z,/login,357
2022-08-26T10:57:47.175026Z,/login,358
2022-08-26T10:57:48.180250Z,/login,359
2022-08-26T10:57:49.184902Z,/login,360
2022-08-26T10:57:50.189638Z,/login,361
2022-08-26T10:57:51.194838Z,/login,362
2022-08-26T10:57:52.200050Z,/login,363
2022-08-26T10:57:53.204649Z,/login,364
2022-08-26T10:57:54.209083Z,/login,365
2022-08-26T10:57:55.213917Z,/login,366
2022-08-26T10:57:56.218513Z,/login,367
2022-08-26T10:57:57.222765Z,/login,368
2022-08-26T10:57:58.227114Z,/login,369
2022-08-26T10:57:59.231412Z,/login,370
2022-08-26T10:58:00.235815Z,/login,371
2022-08-26T10:58:01.240884Z,/login,372
2022-08-26T10:58:02.246103Z,/login,373
2022-08-26T10:58:03.250566Z,/login,374
2022-08-26T10:58:04.255673Z,/login,375
2022-08-26T10:58:05.260098Z,/login,376
2022-08-26T10:58:06.264223Z,/login,377
2022-08-26T10:58:07.268522Z,/login,378
2022-08-26T10:58:08.272839Z,/login,379
2022-08-26T10:58:09.277171Z,/login,380
2022-08-26T10:58:10.281660Z,/login,381
2022-08-26T10:58:11.286231Z,/login,382
2022-08-26T10:58:12.290505Z,/login,383
2022-08-26T10:58:13.294601Z,/login,384
2022-08-26T10:58:14.299113Z,/login,385
2022-08-26T10:58:15.303259Z,/login,386
2022-08-26T10:58:16.307519Z,/login,387
2022-08-26T10:58:17.312713Z,/login,388
2022-08-26T10:58:18.317171Z,/login,389
2022-08-26T10:58:19.321695Z,/login,390
2022-08-26T10:58:20.326846Z,/login,391
2022-08-26T10:58:21.331274Z,/login,392
2022-08-26T10:58:22.335520Z,/login,393
2022-08-26T10:58:23.339800Z,/login,394
2022-08-26T10:58:24.344692Z,/login,395
2022-08-26T10:58:25.349291Z,/login,396
2022-08-26T10:58:26.353691Z,/login,397
2022-08-26T10:58:27.358098Z,/login,398
2022-08-26T10:58:28.362667Z,/login,399
2022-08-26T10:58:29.367267Z,/login,400
2022-08-26T10:58:30.371823Z,/login,401
2022-08-26T10:58:31.376445Z,/login,402
2022-08-26T10:58:32.381065Z,/login,403
2022-08-26T10:58:33.385316Z,/login,404
2022-08-26T10:58:34.389672Z,/login,405
2022-08-26T10:58:35.393906Z,/login,406
2022-08-26T10:58:36.398466Z,/login,407
2022-08-26T10:58:37.403767Z,/login,408
2022-08-26T10:58:38.408334Z,/login,409
2022-08-26T10:58:39.412634Z,/login,410
2022-08-26T10:58:40.416860Z,/login,411
2022-08-26T10:58:41.421404Z,/login,412
2022-08-26T10:58:42.425736Z,/login,413
2022-08-26T10:58:43.430200Z,/login,414
2022-08-26T10:58:44.434692Z,/login,415
2022-08-26T10:58:45.439179Z,/login,416
2022-08-26T10:58:46.443618Z,/login,417
2022-08-26T10:58:47.447914Z,/login,418
2022-08-26T10:58:48.452297Z,/login,419
2022-08-26T10:58:49.456747Z,/login,420
2022-08-26T10:58:50.461450Z,/login,421
2022-08-26T10:58:51.466007Z,/login,422
2022-08-26T10:58:52.470899Z,/login,423
2022-08-26T10:58:53.475203Z,/login,424
2022-08-26T10:58:54.479391Z,/login,425
2022-08-26T10:58:55.483673Z,/login,426
2022-08-26T10:58:56.487908Z,/login,427
2022-08-26T10:58:57.492421Z,/login,428
2022-08-26T10:58:58.496994Z,/login,429
2022-08-26T10:58:59.501419Z,/login,430
2022-08-26T10:59:00.505784Z,/login,431
2022-08-26T10:59:01.510029Z,/login,432
2022-08-26T10:59:02.514447Z,/login,433
2022-08-26T10:59:03.518812Z,/login,434
2022-08-26T10:59:04.523367Z,/login,435
2022-08-26T10:59:05.527652Z,/login,436
2022-08-26T10:59:06.531969Z,/login,437
2022-08-26T10:59:07.536242Z,/login,438
2022-08-26T10:59:08.540532Z,/login,439
2022-08-26T10:59:09.544846Z,/login,440
2022-08-26T10:59:10.549242Z,/login,441
2022-08-26T10:59:11.553644Z,/login,442
2022-08-26T10:59:12.558010Z,/login,443
2022-08-26T10:59:13.562845Z,/login,444
2022-08-26T10:59:14.567164Z,/login,445
2022-08-26T10:59:15.571539Z,/login,446
2022-08-26T10:59:16.576202Z,/login,447
2022-08-26T10:59:17.580578Z,/login,448
2022-08-26T10:59:18.584894Z,/login,449
2022-08-26T10:59:19.589434Z,/login,450
2022-08-26T10:59:20.594592Z,/login,451
2022-08-26T10:59:21.599856Z,/login,452
2022-08-26T10:59:22.605080Z,/login,453
2022-08-26T10:59:23.610290Z,/login,454
2022-08-26T10:59:24.614753Z,/login,455
2022-08-26T10:59:25.619316Z,/login,456
2022-08-26T10:59:26.623692Z,/login,457
2022-08-26T10:59:27.628184Z,/login,458
2022-08-26T10:59:28.633219Z,/login,459
2022-08-26T10:59:29.638748Z,/login,460
2022-08-26T10:59:30.643233Z,/login,461
2022-08-26T10:59:31.647594Z,/login,462
2022-08-26T10:59:32.651945Z,/login,463
2022-08-26T10:59:33.657313Z,/login,464
2022-08-26T10:59:34.662009Z,/login,465
2022-08-26T10:59:35.666279Z,/login,466
2022-08-26T10:59:36.670569Z,/login,467
2022-08-26T10:59:37.674739Z,/login,468
2022-08-26T10:59:38.679113Z,/login,469
2022-08-26T10:59:39.683606Z,/login,470
2022-08-26T10:59:40.688159Z,/login,471
2022-08-26T10:59:41.692595Z,/login,472
2022-08-26T10:59:42.697838Z,/login,473
2022-08-26T10:59:43.702343Z,/login,474
2022-08-26T10:59:44.706585Z,/login,475
2022-08-26T10:59:45.710815Z,/login,476
2022-08-26T10:59:46.715225Z,/login,477
2022-08-26T10:59:47.719663Z,/login,478
2022-08-26T10:59:48.724327Z,/login,479
2022-08-26T10:59:49.728798Z,/login,480
2022-08-26T10:59:50.733105Z,/login,481
2022-08-26T10:59:51.737274Z,/login,482
2022-08-26T10:59:52.742433Z,/login,483
2022-08-26T10:59:53.747631Z,/login,484
2022-08-26T10:59:54.751988Z,/login,485
2022-08-26T10:59:55.756786Z,/login,486
2022-08-26T10:59:56.762059Z,/login,487
2022-08-26T10:59:57.766849Z,/login,488
2022-08-26T10:59:58.771670Z,/login,489
2022-08-26T10:59:59.776183Z,/login,490
2022-08-26T11:00:00.780470Z,/login,491
2022-08-26T11:00:01.784857Z,/login,492
2022-08-26T11:00:02.789204Z,/login,493
2022-08-26T11:00:03.793412Z,/login,494
2022-08-26T11:00:04.797647Z,/login,495
2022-08-26T11:00:05.801798Z,/login,496
2022-08-26T11:00:06.806111Z,/login,497
2022-08-26T11:00:07.810355Z,/login,498
2022-08-26T11:00:08.814749Z,/login,499
2022-08-26T11:00:09.819212Z,/login,500
2022-08-26T11:00:10.823906Z,/login,501
2022-08-26T11:00:11.828392Z,/login,502
2022-08-26T11:00:12.833227Z,/login,503
2022-08-26T11:00:13.837597Z,/login,504
2022-08-26T11:00:14.842436Z,/login,505
2022-08-26T11:00:15.846917Z,/login,506
2022-08-26T11:00:16.852153Z,/login,507
2022-08-26T11:00:17.856569Z,/login,508
2022-08-26T11:00:18.861664Z,/login,509
2022-08-26T11:00:19.866319Z,/login,510
2022-08-26T11:00:20.870761Z,/login,511
2022-08-26T11:00:21.875170Z,/login,512
2022-08-26T11:00:22.879656Z,/login,513
2022-08-26T11:00:23.884176Z,/login,514
2022-08-26T11:00:24.888860Z,/login,515
2022-08-26T11:00:25.893375Z,/login,516
2022-08-26T11:00:26.897617Z,/login,517
2022-08-26T11:00:27.902117Z,/login,518
2022-08-26T11:00:28.906412Z,/login,519
2022-08-26T11:00:29.910757Z,/login,520
2022-08-26T11:00:30.915121Z,/login,521
2022-08-26T11:00:31.919301Z,/login,522
2022-08-26T11:00:32.923778Z,/login,523
2022-08-26T11:00:33.928056Z,/login,524
2022-08-26T11:00:34.933004Z,/login,525
2022-08-26T11:00:35.938094Z,/login,526
2022-08-26T11:00:36.943140Z,/login,527
2022-08-26T11:00:37.947930Z,/login,528
2022-08-26T11:00:38.953046Z,/login,529
2022-08-26T11:00:39.957875Z,/login,530
2022-08-26T11:00:40.962685Z,/login,531
2022-08-26T11:00:41.967368Z,/login,532
2022-08-26T11:00:42.971900Z,/login,533
2022-08-26T11:00:43.976900Z,/login,534
2022-08-26T11:00:44.981757Z,/login,535
2022-08-26T11:00:45.986681Z,/login,536
2022-08-26T11:00:46.991418Z,/login,537
2022-08-26T11:00:47.995806Z,/login,538
2022-08-26T11:00:49.000137Z,/login,539
2022-08-26T11:00:50.004578Z,/login,540
2022-08-26T11:00:51.009484Z,/login,541
2022-08-26T11:00:52.014542Z,/login,542
2022-08-26T11:00:53.019845Z,/login,543
2022-08-26T11:00:54.024502Z,/login,544
2022-08-26T11:00:55.029623Z,/login,545
2022-08-26T11:00:56.034018Z,/login,546
2022-08-26T11:00:57.038994Z,/login,547
2022-08-26T11:00:58.044657Z,/login,548
2022-08-26T11:00:59.050364Z,/login,549
2022-08-26T11:01:00.055602Z,/login,550
2022-08-26T11:01:01.060990Z,/login,551
2022-08-26T11:01:02.066051Z,/login,552
2022-08-26T11:01:03.071496Z,/login,553
2022-08-26T11:01:04.076193Z,/login,554
2022-08-26T11:01:05.081614Z,/login,555
2022-08-26T11:01:06.086432Z,/login,556
2022-08-26T11:01:07.091269Z,/login,557
2022-08-26T11:01:08.095730Z,/login,558
2022-08-26T11:01:09.101005Z,/login,559
2022-08-26T11:01:10.106172Z,/login,560
2022-08-26T11:01:11.110947Z,/login,561
2022-08-26T11:01:12.116206Z,/login,562
2022-08-26T11:01:13.121418Z,/login,563
2022-08-26T11:01:14.126158Z,/login,564
2022-08-26T11:01:15.131513Z,/login,565
2022-08-26T11:01:16.136412Z,/login,566
2022-08-26T11:01:17.141722Z,/login,567
2022-08-26T11:01:18.146852Z,/login,568
2022-08-26T11:01:19.152445Z,/login,569
2022-08-26T11:01:20.157776Z,/login,570
2022-08-26T11:01:21.162998Z,/login,571
2022-08-26T11:01:22.167787Z,/login,572
2022-08-26T11:01:23.173272Z,/login,573
2022-08-26T11:01:24.178424Z,/login,574
2022-08-26T11:01:25.183863Z,/login,575
2022-08-26T11:01:26.189372Z,/login,576
2022-08-26T11:01:27.194255Z,/login,577
2022-08-26T11:01:28.199621Z,/login,578
2022-08-26T11:01:29.204357Z,/login,579
2022-08-26T11:01:30.208819Z,/login,580
2022-08-26T11:01:31.213796Z,/login,581
2022-08-26T11:01:32.219261Z,/login,582
2022-08-26T11:01:33.224236Z,/login,583
2022-08-26T11:01:34.229143Z,/login,584
2022-08-26T11:01:35.233750Z,/login,585
2022-08-26T11:01:36.238310Z,/login,586
2022-08-26T11:01:37.242814Z,/login,587
2022-08-26T11:01:38.247565Z,/login,588
2022-08-26T11:01:39.252210Z,/login,589
2022-08-26T11:01:40.257440Z,/login,590
2022-08-26T11:01:41.262581Z,/login,591
2022-08-26T11:01:42.267944Z,/login,592
2022-08-26T11:01:43.273007Z,/login,593
2022-08-26T11:01:44.277865Z,/login,594
2022-08-26T11:01:45.282922Z,/login,595
2022-08-26T11:01:46.288022Z,/login,596
2022-08-26T11:01:47.293100Z,/login,597
2022-08-26T11:01:48.298471Z,/login,598
2022-08-26T11:01:49.303684Z,/login,599
2022-08-26T11:01:50.308945Z,/login,600
2022-08-26T11:01:51.313921Z,/login,601
2022-08-26T11:01:52.318500Z,/login,602
2022-08-26T11:01:53.323320Z,/login,603
2022-08-26T11:01:54.327614Z,/login,604
2022-08-26T11:01:55.332600Z,/login,605
2022-08-26T11:01:56.337099Z,/login,606
2022-08-26T11:01:57.341673Z,/login,607
2022-08-26T11:01:58.346676Z,/login,608
2022-08-26T11:01:59.352285Z,/login,609
2022-08-26T11:02:00.356665Z,/login,610
2022-08-26T11:02:01.360954Z,/login,611
2022-08-26T11:02:02.366182Z,/login,612
2022-08-26T11:02:03.371520Z,/login,613
2022-08-26T11:02:04.377123Z,/login,614
2022-08-26T11:02:05.382219Z,/login,615
2022-08-26T11:02:06.387370Z,/login,616
2022-08-26T11:02:07.392032Z,/login,617
2022-08-26T11:02:08.397236Z,/login,618
2022-08-26T11:02:09.401934Z,/login,619
2022-08-26T11:02:10.406528Z,/login,620
2022-08-26T11:02:11.411817Z,/login,621
2022-08-26T11:02:12.417310Z,/login,622
2022-08-26T11:02:13.422776Z,/login,623
2022-08-26T11:02:14.428122Z,/login,624
2022-08-26T11:02:15.433255Z,/login,625
2022-08-26T11:02:16.437828Z,/login,626
2022-08-26T11:02:17.442564Z,/login,627
2022-08-26T11:02:18.447924Z,/login,628
2022-08-26T11:02:19.453123Z,/login,629
2022-08-26T11:02:20.457850Z,/login,630
2022-08-26T11:02:21.462278Z,/login,631
2022-08-26T11:02:22.467219Z,/login,632
2022-08-26T11:02:23.472314Z,/login,633
2022-08-26T11:02:24.476977Z,/login,634
2022-08-26T11:02:25.482118Z,/login,635
2022-08-26T11:02:26.487291Z,/login,636
2022-08-26T11:02:27.492302Z,/login,637
2022-08-26T11:02:28.498499Z,/login,638
2022-08-26T11:02:29.503273Z,/login,639
2022-08-26T11:02:30.508328Z,/login,640
2022-08-26T11:02:31.513558Z,/login,641
2022-08-26T11:02:32.518169Z,/login,642
2022-08-26T11:02:33.522693Z,/login,643
2022-08-26T11:02:34.527243Z,/login,644
2022-08-26T11:02:35.531618Z,/login,645
2022-08-26T11:02:36.536262Z,/login,646
2022-08-26T11:02:37.540868Z,/login,647
2022-08-26T11:02:38.545427Z,/login,648
2022-08-26T11:02:39.550942Z,/login,649
2022-08-26T11:02:40.556094Z,/login,650
2022-08-26T11:02:41.560815Z,/login,651
2022-08-26T11:02:42.565197Z,/login,652
2022-08-26T11:02:43.570260Z,/login,653
2022-08-26T11:02:44.575535Z,/login,654
2022-08-26T11:02:45.580312Z,/login,655
2022-08-26T11:02:46.585395Z,/login,656
2022-08-26T11:02:47.590848Z,/login,657
2022-08-26T11:02:48.596082Z,/login,658
2022-08-26T11:02:49.601150Z,/login,659
2022-08-26T11:02:50.605966Z,/login,660
2022-08-26T11:02:51.610784Z,/login,661
2022-08-26T11:02:52.615563Z,/login,662
2022-08-26T11:02:53.621486Z,/login,663
2022-08-26T11:02:54.626959Z,/login,664
2022-08-26T11:02:55.632038Z,/login,665
2022-08-26T11:02:56.636655Z,/login,666
2022-08-26T11:02:57.641382Z,/login,667
2022-08-26T11:02:58.645936Z,/login,668
2022-08-26T11:02:59.651290Z,/login,669
2022-08-26T11:03:00.656939Z,/login,670
2022-08-26T11:03:01.661835Z,/login,671
2022-08-26T11:03:02.666573Z,/login,672
2022-08-26T11:03:03.671255Z,/login,673
2022-08-26T11:03:04.676423Z,/login,674
2022-08-26T11:03:05.681851Z,/login,675
2022-08-26T11:03:06.686834Z,/login,676
2022-08-26T11:03:07.691963Z,/login,677
2022-08-26T11:03:08.697450Z,/login,678
2022-08-26T11:03:09.702747Z,/login,679
2022-08-26T11:03:10.708374Z,/login,680
2022-08-26T11:03:11.713851Z,/login,681
2022-08-26T11:03:12.718573Z,/login,682
2022-08-26T11:03:13.724176Z,/login,683
2022-08-26T11:03:14.729299Z,/login,684
2022-08-26T11:03:15.734514Z,/login,685
2022-08-26T11:03:16.739863Z,/login,686
2022-08-26T11:03:17.745478Z,/login,687
2022-08-26T11:03:18.750369Z,/login,688
2022-08-26T11:03:19.754961Z,/login,689
2022-08-26T11:03:20.759197Z,/login,690
2022-08-26T11:03:21.764232Z,/login,691
2022-08-26T11:03:22.768859Z,/login,692
2022-08-26T11:03:23.773127Z,/login,693
2022-08-26T11:03:24.777523Z,/login,694
2022-08-26T11:03:25.781961Z,/login,695
2022-08-26T11:03:26.786485Z,/login,696
2022-08-26T11:03:27.791588Z,/login,697
2022-08-26T11:03:28.797076Z,/login,698
2022-08-26T11:03:29.802388Z,/login,699
2022-08-26T11:03:30.806972Z,/login,700
2022-08-26T11:03:31.811908Z,/login,701
2022-08-26T11:03:32.816729Z,/login,702
2022-08-26T11:03:33.821465Z,/login,703
2022-08-26T11:03:34.826863Z,/login,704
2022-08-26T11:03:35.831945Z,/login,705
2022-08-26T11:03:36.836450Z,/login,706
2022-08-26T11:03:37.841194Z,/login,707
2022-08-26T11:03:38.846717Z,/login,708
2022-08-26T11:03:39.851828Z,/login,709
2022-08-26T11:03:40.856637Z,/login,710
2022-08-26T11:03:41.861585Z,/login,711
2022-08-26T11:03:42.866895Z,/login,712
2022-08-26T11:03:43.872236Z,/login,713
2022-08-26T11:03:44.876770Z,/login,714
2022-08-26T11:03:45.881711Z,/login,715
2022-08-26T11:03:46.886299Z,/login,716
2022-08-26T11:03:47.891158Z,/login,717
2022-08-26T11:03:48.896091Z,/login,718
2022-08-26T11:03:49.900757Z,/login,719
2022-08-26T11:03:50.905323Z,/login,720
2022-08-26T11:03:51.909615Z,/login,721
2022-08-26T11:03:52.913970Z,/login,722
2022-08-26T11:03:53.918459Z,/login,723
2022-08-26T11:03:54.923086Z,/login,724
2022-08-26T11:03:55.928313Z,/login,725
2022-08-26T11:03:56.933283Z,/login,726
2022-08-26T11:03:57.937958Z,/login,727
2022-08-26T11:03:58.942322Z,/login,728
2022-08-26T11:03:59.947037Z,/login,729
2022-08-26T11:04:00.952113Z,/login,730
2022-08-26T11:04:01.957048Z,/login,731
2022-08-26T11:04:02.961360Z,/login,732
2022-08-26T11:04:03.966122Z,/login,733
2022-08-26T11:04:04.970922Z,/login,734
2022-08-26T11:04:05.976024Z,/login,735
2022-08-26T11:04:06.981462Z,/login,736
2022-08-26T11:04:07.986050Z,/login,737
2022-08-26T11:04:08.991339Z,/login,738
2022-08-26T11:04:09.996922Z,/login,739
2022-08-26T11:04:11.002240Z,/login,740
2022-08-26T11:04:12.007524Z,/login,741
2022-08-26T11:04:13.012875Z,/login,742
2022-08-26T11:04:14.018580Z,/login,743
2022-08-26T11:04:15.023894Z,/login,744
2022-08-26T11:04:16.029247Z,/login,745
2022-08-26T11:04:17.033775Z,/login,746
2022-08-26T11:04:18.038406Z,/login,747
2022-08-26T11:04:19.043004Z,/login,748
2022-08-26T11:04:20.048151Z,/login,749
2022-08-26T11:04:21.053501Z,/login,750
2022-08-26T11:04:22.058763Z,/login,751
2022-08-26T11:04:23.064017Z,/login,752
2022-08-26T11:04:24.068266Z,/login,753
2022-08-26T11:04:25.072887Z,/login,754
2022-08-26T11:04:26.078122Z,/login,755
2022-08-26T11:04:27.083548Z,/login,756
2022-08-26T11:04:28.088061Z,/login,757
2022-08-26T11:04:29.093129Z,/login,758
2022-08-26T11:04:30.098520Z,/login,759
2022-08-26T11:04:31.103807Z,/login,760
2022-08-26T11:04:32.108853Z,/login,761
2022-08-26T11:04:33.113787Z,/login,762
2022-08-26T11:04:34.118547Z,/login,763
2022-08-26T11:04:35.123966Z,/login,764
2022-08-26T11:04:36.128394Z,/login,765
2022-08-26T11:04:37.132844Z,/login,766
2022-08-26T11:04:38.137109Z,/login,767
2022-08-26T11:04:39.141406Z,/login,768
2022-08-26T11:04:40.145839Z,/login,769
2022-08-26T11:04:41.151094Z,/login,770
2022-08-26T11:04:42.156399Z,/login,771
2022-08-26T11:04:43.161200Z,/login,772
2022-08-26T11:04:44.166094Z,/login,773
2022-08-26T11:04:45.170894Z,/login,774
2022-08-26T11:04:46.175323Z,/login,775
2022-08-26T11:04:47.180780Z,/login,776
2022-08-26T11:04:48.185527Z,/login,777
2022-08-26T11:04:49.190787Z,/login,778
2022-08-26T11:04:50.195782Z,/login,779
2022-08-26T11:04:51.200413Z,/login,780
2022-08-26T11:04:52.205571Z,/login,781
2022-08-26T11:04:53.210197Z,/login,782
2022-08-26T11:04:54.215226Z,/login,783
2022-08-26T11:04:55.219904Z,/login,784
2022-08-26T11:04:56.224502Z,/login,785
2022-08-26T11:04:57.229249Z,/login,786
2022-08-26T11:04:58.234421Z,/login,787
2022-08-26T11:04:59.238923Z,/login,788
2022-08-26T11:05:00.243107Z,/login,789
2022-08-26T11:05:01.247862Z,/login,790
2022-08-26T11:05:02.252471Z,/login,791
2022-08-26T11:05:03.256847Z,/login,792
2022-08-26T11:05:04.261949Z,/login,793
2022-08-26T11:05:05.266834Z,/login,794
2022-08-26T11:05:06.272229Z,/login,795
2022-08-26T11:05:07.277003Z,/login,796
2022-08-26T11:05:08.281746Z,/login,797
2022-08-26T11:05:09.286231Z,/login,798
2022-08-26T11:05:10.291088Z,/login,799
2022-08-26T11:05:11.295636Z,/login,800
2022-08-26T11:05:12.300891Z,/login,801
2022-08-26T11:05:13.306243Z,/login,802
2022-08-26T11:05:14.311026Z,/login,803
2022-08-26T11:05:15.316017Z,/login,804
2022-08-26T11:05:16.321257Z,/login,805
2022-08-26T11:05:17.326499Z,/login,806
2022-08-26T11:05:18.331363Z,/login,807
2022-08-26T11:05:19.336594Z,/login,808
2022-08-26T11:05:20.341424Z,/login,809
2022-08-26T11:05:21.346213Z,/login,810
2022-08-26T11:05:22.350877Z,/login,811
2022-08-26T11:05:23.355829Z,/login,812
2022-08-26T11:05:24.360302Z,/login,813
2022-08-26T11:05:25.364955Z,/login,814
2022-08-26T11:05:26.370068Z,/login,815
2022-08-26T11:05:27.375552Z,/login,816
2022-08-26T11:05:28.380123Z,/login,817
2022-08-26T11:05:29.384946Z,/login,818
2022-08-26T11:05:30.390008Z,/login,819
2022-08-26T11:05:31.394795Z,/login,820
2022-08-26T11:05:32.399875Z,/login,821
2022-08-26T11:05:33.404780Z,/login,822
2022-08-26T11:05:34.409389Z,/login,823
2022-08-26T11:05:35.414503Z,/login,824
2022-08-26T11:05:36.418855Z,/login,825
2022-08-26T11:05:37.424124Z,/login,826
2022-08-26T11:05:38.429094Z,/login,827
2022-08-26T11:05:39.434465Z,/login,828
2022-08-26T11:05:40.439041Z,/login,829
2022-08-26T11:05:41.444586Z,/login,830
2022-08-26T11:05:42.449857Z,/login,831
2022-08-26T11:05:43.455098Z,/login,832
2022-08-26T11:05:44.460415Z,/login,833
2022-08-26T11:05:45.465419Z,/login,834
2022-08-26T11:05:46.470293Z,/login,835
2022-08-26T11:05:47.474869Z,/login,836
2022-08-26T11:05:48.479980Z,/login,837
2022-08-26T11:05:49.485250Z,/login,838
2022-08-26T11:05:50.489891Z,/login,839
2022-08-26T11:05:51.494753Z,/login,840
2022-08-26T11:05:52.499605Z,/login,841
2022-08-26T11:05:53.504541Z,/login,842
2022-08-26T11:05:54.509294Z,/login,843
2022-08-26T11:05:55.514532Z,/login,844
2022-08-26T11:05:56.519306Z,/login,845
2022-08-26T11:05:57.524591Z,/login,846
2022-08-26T11:05:58.529686Z,/login,847
2022-08-26T11:05:59.534504Z,/login,848
2022-08-26T11:06:00.539750Z,/login,849
2022-08-26T11:06:01.544167Z,/login,850
2022-08-26T11:06:02.548945Z,/login,851
2022-08-26T11:06:03.554171Z,/login,852
2022-08-26T11:06:04.559290Z,/login,853
2022-08-26T11:06:05.564390Z,/login,854
2022-08-26T11:06:06.569409Z,/login,855
2022-08-26T11:06:07.573813Z,/login,856
2022-08-26T11:06:08.578446Z,/login,857
2022-08-26T11:06:09.583381Z,/login,858
2022-08-26T11:06:10.587692Z,/login,859
2022-08-26T11:06:11.592088Z,/login,860
2022-08-26T11:06:12.597003Z,/login,861
2022-08-26T11:06:13.601819Z,/login,862
2022-08-26T11:06:14.606421Z,/login,863
2022-08-26T11:06:15.611237Z,/login,864
2022-08-26T11:06:16.616383Z,/login,865
2022-08-26T11:06:17.621103Z,/login,866
2022-08-26T11:06:18.625907Z,/login,867
2022-08-26T11:06:19.630764Z,/login,868
2022-08-26T11:06:20.635454Z,/login,869
2022-08-26T11:06:21.639940Z,/login,870
2022-08-26T11:06:22.644325Z,/login,871
2022-08-26T11:06:23.648794Z,/login,872
2022-08-26T11:06:24.653144Z,/login,873
2022-08-26T11:06:25.657581Z,/login,874
2022-08-26T11:06:26.661838Z,/login,875
2022-08-26T11:06:27.666282Z,/login,876
2022-08-26T11:06:28.670783Z,/login,877
2022-08-26T11:06:29.675759Z,/login,878
2022-08-26T11:06:30.681104Z,/login,879
2022-08-26T11:06:31.686172Z,/login,880
2022-08-26T11:06:32.691334Z,/login,881
2022-08-26T11:06:33.695792Z,/login,882
2022-08-26T11:06:34.700139Z,/login,883
2022-08-26T11:06:35.704494Z,/login,884
2022-08-26T11:06:36.709145Z,/login,885
2022-08-26T11:06:37.713925Z,/login,886
2022-08-26T11:06:38.718536Z,/login,887
2022-08-26T11:06:39.723801Z,/login,888
2022-08-26T11:06:40.728611Z,/login,889
2022-08-26T11:06:41.733461Z,/login,890
2022-08-26T11:06:42.738107Z,/login,891
2022-08-26T11:06:43.743041Z,/login,892
2022-08-26T11:06:44.747748Z,/login,893
2022-08-26T11:06:45.751974Z,/login,894
2022-08-26T11:06:46.756587Z,/login,895
2022-08-26T11:06:47.760960Z,/login,896
2022-08-26T11:06:48.765895Z,/login,897
2022-08-26T11:06:49.770940Z,/login,898
2022-08-26T11:06:50.775342Z,/login,899
2022-08-26T11:06:51.780362Z,/login,900
2022-08-26T11:06:52.785287Z,/login,901
2022-08-26T11:06:53.789904Z,/login,902
2022-08-26T11:06:54.794593Z,/login,903
2022-08-26T11:06:55.799180Z,/login,904
2022-08-26T11:06:56.803589Z,/login,905
2022-08-26T11:06:57.808283Z,/login,906
2022-08-26T11:06:58.812822Z,/login,907
2022-08-26T11:06:59.817727Z,/login,908
2022-08-26T11:07:00.822897Z,/login,909
2022-08-26T11:07:01.828037Z,/login,910
2022-08-26T11:07:02.832589Z,/login,911
2022-08-26T11:07:03.837124Z,/login,912
2022-08-26T11:07:04.841850Z,/login,913
2022-08-26T11:07:05.846336Z,/login,914
2022-08-26T11:07:06.850851Z,/login,915
2022-08-26T11:07:07.855918Z,/login,916
2022-08-26T11:07:08.861328Z,/login,917
2022-08-26T11:07:09.866537Z,/login,918
2022-08-26T11:07:10.871240Z,/login,919
2022-08-26T11:07:11.876203Z,/login,920
2022-08-26T11:07:12.880541Z,/login,921
2022-08-26T11:07:13.885494Z,/login,922
2022-08-26T11:07:14.890306Z,/login,923
2022-08-26T11:07:15.894523Z,/login,924
2022-08-26T11:07:16.899145Z,/login,925
2022-08-26T11:07:17.903557Z,/login,926
2022-08-26T11:07:18.907830Z,/login,927
2022-08-26T11:07:19.912854Z,/login,928
2022-08-26T11:07:20.918047Z,/login,929
2022-08-26T11:07:21.922753Z,/login,930
2022-08-26T11:07:22.927871Z,/login,931
2022-08-26T11:07:23.933032Z,/login,932
2022-08-26T11:07:24.937765Z,/login,933
2022-08-26T11:07:25.942911Z,/login,934
2022-08-26T11:07:26.948292Z,/login,935
2022-08-26T11:07:27.953539Z,/login,936
2022-08-26T11:07:28.958059Z,/login,937
2022-08-26T11:07:29.963219Z,/login,938
2022-08-26T11:07:30.968246Z,/login,939
2022-08-26T11:07:31.972653Z,/login,940
2022-08-26T11:07:32.977630Z,/login,941
2022-08-26T11:07:33.981950Z,/login,942
2022-08-26T11:07:34.986193Z,/login,943
2022-08-26T11:07:35.990468Z,/login,944
2022-08-26T11:07:36.994748Z,/login,945
2022-08-26T11:07:37.999364Z,/login,946
2022-08-26T11:07:39.003897Z,/login,947
2022-08-26T11:07:40.008374Z,/login,948
2022-08-26T11:07:41.013192Z,/login,949
2022-08-26T11:07:42.018640Z,/login,950
2022-08-26T11:07:43.024089Z,/login,951
2022-08-26T11:07:44.029332Z,/login,952
2022-08-26T11:07:45.034145Z,/login,953
2022-08-26T11:07:46.038696Z,/login,954
2022-08-26T11:07:47.043233Z,/login,955
2022-08-26T11:07:48.047835Z,/login,956
2022-08-26T11:07:49.052119Z,/login,957
2022-08-26T11:07:50.057070Z,/login,958
2022-08-26T11:07:51.061412Z,/login,959
2022-08-26T11:07:52.066584Z,/login,960
2022-08-26T11:07:53.071255Z,/login,961
2022-08-26T11:07:54.076226Z,/login,962
2022-08-26T11:07:55.081562Z,/login,963
2022-08-26T11:07:56.087136Z,/login,964
2022-08-26T11:07:57.092353Z,/login,965
2022-08-26T11:07:58.097705Z,/login,966
2022-08-26T11:07:59.102331Z,/login,967
2022-08-26T11:08:00.107025Z,/login,968
2022-08-26T11:08:01.111825Z,/login,969
2022-08-26T11:08:02.116627Z,/login,970
2022-08-26T11:08:03.121137Z,/login,971
2022-08-26T11:08:04.126547Z,/login,972
2022-08-26T11:08:05.131791Z,/login,973
2022-08-26T11:08:06.136422Z,/login,974
2022-08-26T11:08:07.141524Z,/login,975
2022-08-26T11:08:08.146087Z,/login,976
2022-08-26T11:08:09.151180Z,/login,977
2022-08-26T11:08:10.156451Z,/login,978
2022-08-26T11:08:11.161774Z,/login,979
2022-08-26T11:08:12.166903Z,/login,980
2022-08-26T11:08:13.171645Z,/login,981
2022-08-26T11:08:14.176638Z,/login,982
2022-08-26T11:08:15.181520Z,/login,983
2022-08-26T11:08:16.186342Z,/login,984
2022-08-26T11:08:17.191011Z,/login,985
2022-08-26T11:08:18.195785Z,/login,986
2022-08-26T11:08:19.201582Z,/login,987
2022-08-26T11:08:20.206479Z,/login,988
2022-08-26T11:08:21.211635Z,/login,989
2022-08-26T11:08:22.216313Z,/login,990
2022-08-26T11:08:23.220803Z,/login,991
2022-08-26T11:08:24.225186Z,/login,992
2022-08-26T11:08:25.229565Z,/login,993
2022-08-26T11:08:26.234558Z,/login,994
2022-08-26T11:08:27.239506Z,/login,995
2022-08-26T11:08:28.244135Z,/login,996
2022-08-26T11:08:29.248831Z,/login,997
2022-08-26T11:08:30.253311Z,/login,998
2022-08-26T11:08:31.257780Z,/login,999
2022-08-26T11:08:32.262197Z,/login,1000
2022-08-26T11:08:33.267543Z,/login,1001
2022-08-26T11:08:34.272061Z,/login,1002
2022-08-26T11:08:35.276604Z,/login,1003
2022-08-26T11:08:36.281299Z,/login,1004
2022-08-26T11:08:37.285812Z,/login,1005
2022-08-26T11:08:38.290387Z,/login,1006
2022-08-26T11:08:39.294613Z,/login,1007
2022-08-26T11:08:40.299714Z,/login,1008
2022-08-26T11:08:41.304981Z,/login,1009
2022-08-26T11:08:42.309556Z,/login,1010
2022-08-26T11:08:43.314326Z,/login,1011
2022-08-26T11:08:44.319022Z,/login,1012
2022-08-26T11:08:45.323727Z,/login,1013
2022-08-26T11:08:46.328812Z,/login,1014
2022-08-26T11:08:47.333821Z,/login,1015
2022-08-26T11:08:48.338581Z,/login,1016
2022-08-26T11:08:49.342829Z,/login,1017
2022-08-26T11:08:50.347447Z,/login,1018
2022-08-26T11:08:51.351787Z,/login,1019
2022-08-26T11:08:52.356767Z,/login,1020
2022-08-26T11:08:53.361146Z,/login,1021
2022-08-26T11:08:54.365816Z,/login,1022
2022-08-26T11:08:55.371036Z,/login,1023
2022-08-26T11:08:56.375435Z,/login,1024
2022-08-26T11:08:57.379707Z,/login,1025
2022-08-26T11:08:58.397999Z,/logout,1024
2022-08-26T11:08:59.402498Z,/logout,1023
2022-08-26T11:09:00.406732Z,/logout,1022
2022-08-26T11:09:01.411020Z,/logout,1021
2022-08-26T11:09:02.415339Z,/logout,1020
2022-08-26T11:09:03.419795Z,/logout,1019
2022-08-26T11:09:04.424050Z,/logout,1018
2022-08-26T11:09:05.428934Z,/logout,1017
2022-08-26T11:09:06.434047Z,/logout,1016
2022-08-26T11:09:07.438840Z,/logout,1015
2022-08-26T11:09:08.443421Z,/logout,1014
2022-08-26T11:09:09.447878Z,/logout,1013
2022-08-26T11:09:10.453622Z,/logout,1012
2022-08-26T11:09:11.458283Z,/logout,1011
2022-08-26T11:09:12.462973Z,/logout,1010
2022-08-26T11:09:13.468051Z,/logout,1009
2022-08-26T11:09:14.472591Z,/logout,1008
2022-08-26T11:09:15.477421Z,/logout,1007
2022-08-26T11:09:16.482115Z,/logout,1006
2022-08-26T11:09:17.486852Z,/logout,1005
2022-08-26T11:09:18.491396Z,/logout,1004
2022-08-26T11:09:19.496055Z,/logout,1003
2022-08-26T11:09:20.500893Z,/logout,1002
2022-08-26T11:09:21.506309Z,/logout,1001
2022-08-26T11:09:22.511327Z,/logout,1000
2022-08-26T11:09:23.516624Z,/logout,999
2022-08-26T11:09:24.521363Z,/logout,998
2022-08-26T11:09:25.526085Z,/logout,997
2022-08-26T11:09:26.530720Z,/logout,996
2022-08-26T11:09:27.535094Z,/logout,995
2022-08-26T11:09:28.539541Z,/logout,994
2022-08-26T11:09:29.543846Z,/logout,993
2022-08-26T11:09:30.548453Z,/logout,992
2022-08-26T11:09:31.552819Z,/logout,991
2022-08-26T11:09:32.557085Z,/logout,990
2022-08-26T11:09:33.561313Z,/logout,989
2022-08-26T11:09:34.565679Z,/logout,988
2022-08-26T11:09:35.570703Z,/logout,987
2022-08-26T11:09:36.575100Z,/logout,986
2022-08-26T11:09:37.579560Z,/logout,985
2022-08-26T11:09:38.584676Z,/logout,984
2022-08-26T11:09:39.589191Z,/logout,983
2022-08-26T11:09:40.594243Z,/logout,982
2022-08-26T11:09:41.598766Z,/logout,981
2022-08-26T11:09:42.603794Z,/logout,980
2022-08-26T11:09:43.608382Z,/logout,979
2022-08-26T11:09:44.612857Z,/logout,978
2022-08-26T11:09:45.617149Z,/logout,977
2022-08-26T11:09:46.621539Z,/logout,976
2022-08-26T11:09:47.625931Z,/logout,975
2022-08-26T11:09:48.630209Z,/logout,974
2022-08-26T11:09:49.635411Z,/logout,973
2022-08-26T11:09:50.640239Z,/logout,972
2022-08-26T11:09:51.644625Z,/logout,971
2022-08-26T11:09:52.649013Z,/logout,970
2022-08-26T11:09:53.653370Z,/logout,969
2022-08-26T11:09:54.658054Z,/logout,968
2022-08-26T11:09:55.662328Z,/logout,967
2022-08-26T11:09:56.666931Z,/logout,966
2022-08-26T11:09:57.671153Z,/logout,965
2022-08-26T11:09:58.675551Z,/logout,964
2022-08-26T11:09:59.680012Z,/logout,963
2022-08-26T11:10:00.684878Z,/logout,962
2022-08-26T11:10:01.690192Z,/logout,961
2022-08-26T11:10:02.694716Z,/logout,960
2022-08-26T11:10:03.699384Z,/logout,959
2022-08-26T11:10:04.703979Z,/logout,958
2022-08-26T11:10:05.709013Z,/logout,957
2022-08-26T11:10:06.713555Z,/logout,956
2022-08-26T11:10:07.718006Z,/logout,955
2022-08-26T11:10:08.722886Z,/logout,954
2022-08-26T11:10:09.727561Z,/logout,953
2022-08-26T11:10:10.732382Z,/logout,952
2022-08-26T11:10:11.736965Z,/logout,951
2022-08-26T11:10:12.741635Z,/logout,950
2022-08-26T11:10:13.746753Z,/logout,949
2022-08-26T11:10:14.751617Z,/logout,948
2022-08-26T11:10:15.756638Z,/logout,947
2022-08-26T11:10:16.761886Z,/logout,946
2022-08-26T11:10:17.767204Z,/logout,945
2022-08-26T11:10:18.772461Z,/logout,944
2022-08-26T11:10:19.777661Z,/logout,943
2022-08-26T11:10:20.783123Z,/logout,942
2022-08-26T11:10:21.788223Z,/logout,941
2022-08-26T11:10:22.793250Z,/logout,940
2022-08-26T11:10:23.798825Z,/logout,939
2022-08-26T11:10:24.804048Z,/logout,938
2022-08-26T11:10:25.809005Z,/logout,937
2022-08-26T11:10:26.813367Z,/logout,936
2022-08-26T11:10:27.817707Z,/logout,935
2022-08-26T11:10:28.822182Z,/logout,934
2022-08-26T11:10:29.827087Z,/logout,933
2022-08-26T11:10:30.831949Z,/logout,932
2022-08-26T11:10:31.837051Z,/logout,931
2022-08-26T11:10:32.842308Z,/logout,930
2022-08-26T11:10:33.847123Z,/logout,929
2022-08-26T11:10:34.852209Z,/logout,928
2022-08-26T11:10:35.857513Z,/logout,927
2022-08-26T11:10:36.862400Z,/logout,926
2022-08-26T11:10:37.867083Z,/logout,925
2022-08-26T11:10:38.872297Z,/logout,924
2022-08-26T11:10:39.877451Z,/logout,923
2022-08-26T11:10:40.883032Z,/logout,922
2022-08-26T11:10:41.887864Z,/logout,921
2022-08-26T11:10:42.892942Z,/logout,920
2022-08-26T11:10:43.897475Z,/logout,919
2022-08-26T11:10:44.902738Z,/logout,918
2022-08-26T11:10:45.907465Z,/logout,917
2022-08-26T11:10:46.912327Z,/logout,916
2022-08-26T11:10:47.916819Z,/logout,915
2022-08-26T11:10:48.921300Z,/logout,914
2022-08-26T11:10:49.925929Z,/logout,913
2022-08-26T11:10:50.930589Z,/logout,912
2022-08-26T11:10:51.935575Z,/logout,911
2022-08-26T11:10:52.940747Z,/logout,910
2022-08-26T11:10:53.945770Z,/logout,909
2022-08-26T11:10:54.950159Z,/logout,908
2022-08-26T11:10:55.954613Z,/logout,907
2022-08-26T11:10:56.959029Z,/logout,906
2022-08-26T11:10:57.963050Z,/logout,905
2022-08-26T11:10:58.967372Z,/logout,904
2022-08-26T11:10:59.971968Z,/logout,903
2022-08-26T11:11:00.976406Z,/logout,902
2022-08-26T11:11:01.981406Z,/logout,901
2022-08-26T11:11:02.985921Z,/logout,900
2022-08-26T11:11:03.990678Z,/logout,899
2022-08-26T11:11:04.995164Z,/logout,898
2022-08-26T11:11:05.999897Z,/logout,897
2022-08-26T11:11:07.004266Z,/logout,896
2022-08-26T11:11:08.008490Z,/logout,895
2022-08-26T11:11:09.013051Z,/logout,894
2022-08-26T11:11:10.018179Z,/logout,893
2022-08-26T11:11:11.022829Z,/logout,892
2022-08-26T11:11:12.027220Z,/logout,891
2022-08-26T11:11:13.031639Z,/logout,890
2022-08-26T11:11:14.036657Z,/logout,889
2022-08-26T11:11:15.041338Z,/logout,888
2022-08-26T11:11:16.045769Z,/logout,887
2022-08-26T11:11:17.050178Z,/logout,886
2022-08-26T11:11:18.054710Z,/logout,885
2022-08-26T11:11:19.059614Z,/logout,884
2022-08-26T11:11:20.063959Z,/logout,883
2022-08-26T11:11:21.068240Z,/logout,882
2022-08-26T11:11:22.072393Z,/logout,881
2022-08-26T11:11:23.076814Z,/logout,880
2022-08-26T11:11:24.081024Z,/logout,879
2022-08-26T11:11:25.085374Z,/logout,878
2022-08-26T11:11:26.089814Z,/logout,877
2022-08-26T11:11:27.094368Z,/logout,876
2022-08-26T11:11:28.098815Z,/logout,875
2022-08-26T11:11:29.103260Z,/logout,874
2022-08-26T11:11:30.107599Z,/logout,873
2022-08-26T11:11:31.112001Z,/logout,872
2022-08-26T11:11:32.116353Z,/logout,871
2022-08-26T11:11:33.120746Z,/logout,870
2022-08-26T11:11:34.125051Z,/logout,869
2022-08-26T11:11:35.130146Z,/logout,868
2022-08-26T11:11:36.134481Z,/logout,867
2022-08-26T11:11:37.138903Z,/logout,866
2022-08-26T11:11:38.143472Z,/logout,865
2022-08-26T11:11:39.147892Z,/logout,864
2022-08-26T11:11:40.152462Z,/logout,863
2022-08-26T11:11:41.157299Z,/logout,862
2022-08-26T11:11:42.161789Z,/logout,861
2022-08-26T11:11:43.166255Z,/logout,860
2022-08-26T11:11:44.170682Z,/logout,859
2022-08-26T11:11:45.175340Z,/logout,858
2022-08-26T11:11:46.180174Z,/logout,857
2022-08-26T11:11:47.185349Z,/logout,856
2022-08-26T11:11:48.190423Z,/logout,855
2022-08-26T11:11:49.195058Z,/logout,854
2022-08-26T11:11:50.199548Z,/logout,853
2022-08-26T11:11:51.204003Z,/logout,852
2022-08-26T11:11:52.208912Z,/logout,851
2022-08-26T11:11:53.213409Z,/logout,850
2022-08-26T11:11:54.217831Z,/logout,849
2022-08-26T11:11:55.222787Z,/logout,848
2022-08-26T11:11:56.227785Z,/logout,847
2022-08-26T11:11:57.233192Z,/logout,846
2022-08-26T11:11:58.238705Z,/logout,845
2022-08-26T11:11:59.243829Z,/logout,844
2022-08-26T11:12:00.248443Z,/logout,843
2022-08-26T11:12:01.252890Z,/logout,842
2022-08-26T11:12:02.257225Z,/logout,841
2022-08-26T11:12:03.261830Z,/logout,840
2022-08-26T11:12:04.266148Z,/logout,839
2022-08-26T11:12:05.270532Z,/logout,838
2022-08-26T11:12:06.275451Z,/logout,837
2022-08-26T11:12:07.280035Z,/logout,836
2022-08-26T11:12:08.284590Z,/logout,835
2022-08-26T11:12:09.288996Z,/logout,834
2022-08-26T11:12:10.293645Z,/logout,833
2022-08-26T11:12:11.298298Z,/logout,832
2022-08-26T11:12:12.302855Z,/logout,831
2022-08-26T11:12:13.307471Z,/logout,830
2022-08-26T11:12:14.312038Z,/logout,829
2022-08-26T11:12:15.316384Z,/logout,828
2022-08-26T11:12:16.321362Z,/logout,827
2022-08-26T11:12:17.325844Z,/logout,826
2022-08-26T11:12:18.330192Z,/logout,825
2022-08-26T11:12:19.334539Z,/logout,824
2022-08-26T11:12:20.339111Z,/logout,823
2022-08-26T11:12:21.343926Z,/logout,822
2022-08-26T11:12:22.348403Z,/logout,821
2022-08-26T11:12:23.352910Z,/logout,820
2022-08-26T11:12:24.357344Z,/logout,819
2022-08-26T11:12:25.361748Z,/logout,818
2022-08-26T11:12:26.366151Z,/logout,817
2022-08-26T11:12:27.370599Z,/logout,816
2022-08-26T11:12:28.374968Z,/logout,815
2022-08-26T11:12:29.379423Z,/logout,814
2022-08-26T11:12:30.383849Z,/logout,813
2022-08-26T11:12:31.388291Z,/logout,812
2022-08-26T11:12:32.392813Z,/logout,811
2022-08-26T11:12:33.397306Z,/logout,810
2022-08-26T11:12:34.401912Z,/logout,809
2022-08-26T11:12:35.406305Z,/logout,808
2022-08-26T11:12:36.410759Z,/logout,807
2022-08-26T11:12:37.415119Z,/logout,806
2022-08-26T11:12:38.419546Z,/logout,805
2022-08-26T11:12:39.423485Z,/logout,804
2022-08-26T11:12:40.427524Z,/logout,803
2022-08-26T11:12:41.432160Z,/logout,802
2022-08-26T11:12:42.436599Z,/logout,801
2022-08-26T11:12:43.441126Z,/logout,800
2022-08-26T11:12:44.445520Z,/logout,799
2022-08-26T11:12:45.450351Z,/logout,798
2022-08-26T11:12:46.455112Z,/logout,797
2022-08-26T11:12:47.460105Z,/logout,796
2022-08-26T11:12:48.465654Z,/logout,795
2022-08-26T11:12:49.470180Z,/logout,794
2022-08-26T11:12:50.475282Z,/logout,793
2022-08-26T11:12:51.480195Z,/logout,792
2022-08-26T11:12:52.485461Z,/logout,791
2022-08-26T11:12:53.490741Z,/logout,790
2022-08-26T11:12:54.494842Z,/logout,789
2022-08-26T11:12:55.499940Z,/logout,788
2022-08-26T11:12:56.504407Z,/logout,787
2022-08-26T11:12:57.508948Z,/logout,786
2022-08-26T11:12:58.513571Z,/logout,785
2022-08-26T11:12:59.518634Z,/logout,784
2022-08-26T11:13:00.523069Z,/logout,783
2022-08-26T11:13:01.527636Z,/logout,782
2022-08-26T11:13:02.532977Z,/logout,781
2022-08-26T11:13:03.537737Z,/logout,780
2022-08-26T11:13:04.542360Z,/logout,779
2022-08-26T11:13:05.547325Z,/logout,778
2022-08-26T11:13:06.552412Z,/logout,777
2022-08-26T11:13:07.556875Z,/logout,776
2022-08-26T11:13:08.561173Z,/logout,775
2022-08-26T11:13:09.565790Z,/logout,774
2022-08-26T11:13:10.570348Z,/logout,773
2022-08-26T11:13:11.574919Z,/logout,772
2022-08-26T11:13:12.579487Z,/logout,771
2022-08-26T11:13:13.583806Z,/logout,770
2022-08-26T11:13:14.588324Z,/logout,769
2022-08-26T11:13:15.593112Z,/logout,768
2022-08-26T11:13:16.598201Z,/logout,767
2022-08-26T11:13:17.602848Z,/logout,766
2022-08-26T11:13:18.607288Z,/logout,765
2022-08-26T11:13:19.611743Z,/logout,764
2022-08-26T11:13:20.616378Z,/logout,763
2022-08-26T11:13:21.624993Z,/logout,762
2022-08-26T11:13:22.629535Z,/logout,761
2022-08-26T11:13:23.633804Z,/logout,760
2022-08-26T11:13:24.638398Z,/logout,759
2022-08-26T11:13:25.642864Z,/logout,758
2022-08-26T11:13:26.647824Z,/logout,757
2022-08-26T11:13:27.653239Z,/logout,756
2022-08-26T11:13:28.658294Z,/logout,755
2022-08-26T11:13:29.663533Z,/logout,754
2022-08-26T11:13:30.668797Z,/logout,753
2022-08-26T11:13:31.674162Z,/logout,752
2022-08-26T11:13:32.679504Z,/logout,751
2022-08-26T11:13:33.684718Z,/logout,750
2022-08-26T11:13:34.689799Z,/logout,749
2022-08-26T11:13:35.694955Z,/logout,748
2022-08-26T11:13:36.700250Z,/logout,747
2022-08-26T11:13:37.705464Z,/logout,746
2022-08-26T11:13:38.710306Z,/logout,745
2022-08-26T11:13:39.715080Z,/logout,744
2022-08-26T11:13:40.721263Z,/logout,743
2022-08-26T11:13:41.726740Z,/logout,742
2022-08-26T11:13:42.731542Z,/logout,741
2022-08-26T11:13:43.735989Z,/logout,740
2022-08-26T11:13:44.740560Z,/logout,739
2022-08-26T11:13:45.745558Z,/logout,738
2022-08-26T11:13:46.750696Z,/logout,737
2022-08-26T11:13:47.755896Z,/logout,736
2022-08-26T11:13:48.760524Z,/logout,735
2022-08-26T11:13:49.765666Z,/logout,734
2022-08-26T11:13:50.770663Z,/logout,733
2022-08-26T11:13:51.775685Z,/logout,732
2022-08-26T11:13:52.780689Z,/logout,731
2022-08-26T11:13:53.785983Z,/logout,730
2022-08-26T11:13:54.790969Z,/logout,729
2022-08-26T11:13:55.796093Z,/logout,728
2022-08-26T11:13:56.801400Z,/logout,727
2022-08-26T11:13:57.806285Z,/logout,726
2022-08-26T11:13:58.811130Z,/logout,725
2022-08-26T11:13:59.815921Z,/logout,724
2022-08-26T11:14:00.820351Z,/logout,723
2022-08-26T11:14:01.825396Z,/logout,722
2022-08-26T11:14:02.830067Z,/logout,721
2022-08-26T11:14:03.834554Z,/logout,720
2022-08-26T11:14:04.838988Z,/logout,719
2022-08-26T11:14:05.843244Z,/logout,718
2022-08-26T11:14:06.847822Z,/logout,717
2022-08-26T11:14:07.852417Z,/logout,716
2022-08-26T11:14:08.856853Z,/logout,715
2022-08-26T11:14:09.861344Z,/logout,714
2022-08-26T11:14:10.865996Z,/logout,713
2022-08-26T11:14:11.870458Z,/logout,712
2022-08-26T11:14:12.875007Z,/logout,711
2022-08-26T11:14:13.879417Z,/logout,710
2022-08-26T11:14:14.883877Z,/logout,709
2022-08-26T11:14:15.888352Z,/logout,708
2022-08-26T11:14:16.892892Z,/logout,707
2022-08-26T11:14:17.897347Z,/logout,706
2022-08-26T11:14:18.902414Z,/logout,705
2022-08-26T11:14:19.907812Z,/logout,704
2022-08-26T11:14:20.912859Z,/logout,703
2022-08-26T11:14:21.918071Z,/logout,702
2022-08-26T11:14:22.923241Z,/logout,701
2022-08-26T11:14:23.928231Z,/logout,700
2022-08-26T11:14:24.933554Z,/logout,699
2022-08-26T11:14:25.938356Z,/logout,698
2022-08-26T11:14:26.943430Z,/logout,697
2022-08-26T11:14:27.948726Z,/logout,696
2022-08-26T11:14:28.953851Z,/logout,695
2022-08-26T11:14:29.959188Z,/logout,694
2022-08-26T11:14:30.964352Z,/logout,693
2022-08-26T11:14:31.969350Z,/logout,692
2022-08-26T11:14:32.974537Z,/logout,691
2022-08-26T11:14:33.979485Z,/logout,690
2022-08-26T11:14:34.984794Z,/logout,689
2022-08-26T11:14:35.989706Z,/logout,688
2022-08-26T11:14:36.994641Z,/logout,687
2022-08-26T11:14:37.999925Z,/logout,686
2022-08-26T11:14:39.004927Z,/logout,685
2022-08-26T11:14:40.010071Z,/logout,684
2022-08-26T11:14:41.015386Z,/logout,683
2022-08-26T11:14:42.020294Z,/logout,682
2022-08-26T11:14:43.024892Z,/logout,681
2022-08-26T11:14:44.029242Z,/logout,680
2022-08-26T11:14:45.033736Z,/logout,679
2022-08-26T11:14:46.038762Z,/logout,678
2022-08-26T11:14:47.043687Z,/logout,677
2022-08-26T11:14:48.048379Z,/logout,676
2022-08-26T11:14:49.053375Z,/logout,675
2022-08-26T11:14:50.058035Z,/logout,674
2022-08-26T11:14:51.062458Z,/logout,673
2022-08-26T11:14:52.066803Z,/logout,672
2022-08-26T11:14:53.071305Z,/logout,671
2022-08-26T11:14:54.075846Z,/logout,670
2022-08-26T11:14:55.081319Z,/logout,669
2022-08-26T11:14:56.086119Z,/logout,668
2022-08-26T11:14:57.090610Z,/logout,667
2022-08-26T11:14:58.095203Z,/logout,666
2022-08-26T11:14:59.099665Z,/logout,665
2022-08-26T11:15:00.105141Z,/logout,664
2022-08-26T11:15:01.110035Z,/logout,663
2022-08-26T11:15:02.114497Z,/logout,662
2022-08-26T11:15:03.119793Z,/logout,661
2022-08-26T11:15:04.124471Z,/logout,660
2022-08-26T11:15:05.128936Z,/logout,659
2022-08-26T11:15:06.133762Z,/logout,658
2022-08-26T11:15:07.138363Z,/logout,657
2022-08-26T11:15:08.142981Z,/logout,656
2022-08-26T11:15:09.147557Z,/logout,655
2022-08-26T11:15:10.152075Z,/logout,654
2022-08-26T11:15:11.157185Z,/logout,653
2022-08-26T11:15:12.161585Z,/logout,652
2022-08-26T11:15:13.166459Z,/logout,651
2022-08-26T11:15:14.171016Z,/logout,650
2022-08-26T11:15:15.177844Z,/logout,649
2022-08-26T11:15:16.183046Z,/logout,648
2022-08-26T11:15:17.188141Z,/logout,647
2022-08-26T11:15:18.192839Z,/logout,646
2022-08-26T11:15:19.197946Z,/logout,645
2022-08-26T11:15:20.203224Z,/logout,644
2022-08-26T11:15:21.208482Z,/logout,643
2022-08-26T11:15:22.213496Z,/logout,642
2022-08-26T11:15:23.218768Z,/logout,641
2022-08-26T11:15:24.223636Z,/logout,640
2022-08-26T11:15:25.229032Z,/logout,639
2022-08-26T11:15:26.233813Z,/logout,638
2022-08-26T11:15:27.238276Z,/logout,637
2022-08-26T11:15:28.242850Z,/logout,636
2022-08-26T11:15:29.248920Z,/logout,635
2022-08-26T11:15:30.253704Z,/logout,634
2022-08-26T11:15:31.259311Z,/logout,633
2022-08-26T11:15:32.264453Z,/logout,632
2022-08-26T11:15:33.269491Z,/logout,631
2022-08-26T11:15:34.274139Z,/logout,630
2022-08-26T11:15:35.279220Z,/logout,629
2022-08-26T11:15:36.283700Z,/logout,628
2022-08-26T11:15:37.288725Z,/logout,627
2022-08-26T11:15:38.293493Z,/logout,626
2022-08-26T11:15:39.298201Z,/logout,625
2022-08-26T11:15:40.302948Z,/logout,624
2022-08-26T11:15:41.308141Z,/logout,623
2022-08-26T11:15:42.313480Z,/logout,622
2022-08-26T11:15:43.318794Z,/logout,621
2022-08-26T11:15:44.323811Z,/logout,620
2022-08-26T11:15:45.328223Z,/logout,619
2022-08-26T11:15:46.332635Z,/logout,618
2022-08-26T11:15:47.337336Z,/logout,617
2022-08-26T11:15:48.341884Z,/logout,616
2022-08-26T11:15:49.347458Z,/logout,615
2022-08-26T11:15:50.352090Z,/logout,614
2022-08-26T11:15:51.356594Z,/logout,613
2022-08-26T11:15:52.361566Z,/logout,612
2022-08-26T11:15:53.366049Z,/logout,611
2022-08-26T11:15:54.370613Z,/logout,610
2022-08-26T11:15:55.375159Z,/logout,609
2022-08-26T11:15:56.379617Z,/logout,608
2022-08-26T11:15:57.384200Z,/logout,607
2022-08-26T11:15:58.389144Z,/logout,606
2022-08-26T11:15:59.394003Z,/logout,605
2022-08-26T11:16:00.398408Z,/logout,604
2022-08-26T11:16:01.402888Z,/logout,603
2022-08-26T11:16:02.407313Z,/logout,602
2022-08-26T11:16:03.411840Z,/logout,601
2022-08-26T11:16:04.415872Z,/logout,600
2022-08-26T11:16:05.420339Z,/logout,599
2022-08-26T11:16:06.424815Z,/logout,598
2022-08-26T11:16:07.429458Z,/logout,597
2022-08-26T11:16:08.433950Z,/logout,596
2022-08-26T11:16:09.438090Z,/logout,595
2022-08-26T11:16:10.442213Z,/logout,594
2022-08-26T11:16:11.446925Z,/logout,593
2022-08-26T11:16:12.451509Z,/logout,592
2022-08-26T11:16:13.456483Z,/logout,591
2022-08-26T11:16:14.461363Z,/logout,590
2022-08-26T11:16:15.465678Z,/logout,589
2022-08-26T11:16:16.470050Z,/logout,588
2022-08-26T11:16:17.474500Z,/logout,587
2022-08-26T11:16:18.479008Z,/logout,586
2022-08-26T11:16:19.483791Z,/logout,585
2022-08-26T11:16:20.488301Z,/logout,584
2022-08-26T11:16:21.492908Z,/logout,583
2022-08-26T11:16:22.497470Z,/logout,582
2022-08-26T11:16:23.501960Z,/logout,581
2022-08-26T11:16:24.506027Z,/logout,580
2022-08-26T11:16:25.511534Z,/logout,579
2022-08-26T11:16:26.516312Z,/logout,578
2022-08-26T11:16:27.520669Z,/logout,577
2022-08-26T11:16:28.525880Z,/logout,576
2022-08-26T11:16:29.530891Z,/logout,575
2022-08-26T11:16:30.536147Z,/logout,574
2022-08-26T11:16:31.540955Z,/logout,573
2022-08-26T11:16:32.545498Z,/logout,572
2022-08-26T11:16:33.549966Z,/logout,571
2022-08-26T11:16:34.555146Z,/logout,570
2022-08-26T11:16:35.559366Z,/logout,569
2022-08-26T11:16:36.563882Z,/logout,568
2022-08-26T11:16:37.568465Z,/logout,567
2022-08-26T11:16:38.573117Z,/logout,566
2022-08-26T11:16:39.577935Z,/logout,565
2022-08-26T11:16:40.582514Z,/logout,564
2022-08-26T11:16:41.587029Z,/logout,563
2022-08-26T11:16:42.592258Z,/logout,562
2022-08-26T11:16:43.596979Z,/logout,561
2022-08-26T11:16:44.602087Z,/logout,560
2022-08-26T11:16:45.607282Z,/logout,559
2022-08-26T11:16:46.612785Z,/logout,558
2022-08-26T11:16:47.617950Z,/logout,557
2022-08-26T11:16:48.622930Z,/logout,556
2022-08-26T11:16:49.627550Z,/logout,555
2022-08-26T11:16:50.632906Z,/logout,554
2022-08-26T11:16:51.637635Z,/logout,553
2022-08-26T11:16:52.642580Z,/logout,552
2022-08-26T11:16:53.647475Z,/logout,551
2022-08-26T11:16:54.652267Z,/logout,550
2022-08-26T11:16:55.657513Z,/logout,549
2022-08-26T11:16:56.662313Z,/logout,548
2022-08-26T11:16:57.666716Z,/logout,547
2022-08-26T11:16:58.671088Z,/logout,546
2022-08-26T11:16:59.675453Z,/logout,545
2022-08-26T11:17:00.680228Z,/logout,544
2022-08-26T11:17:01.684957Z,/logout,543
2022-08-26T11:17:02.689603Z,/logout,542
2022-08-26T11:17:03.693958Z,/logout,541
2022-08-26T11:17:04.698774Z,/logout,540
2022-08-26T11:17:05.703307Z,/logout,539
2022-08-26T11:17:06.707932Z,/logout,538
2022-08-26T11:17:07.713027Z,/logout,537
2022-08-26T11:17:08.718112Z,/logout,536
2022-08-26T11:17:09.723120Z,/logout,535
2022-08-26T11:17:10.728685Z,/logout,534
2022-08-26T11:17:11.733274Z,/logout,533
2022-08-26T11:17:12.737733Z,/logout,532
2022-08-26T11:17:13.742275Z,/logout,531
2022-08-26T11:17:14.746555Z,/logout,530
2022-08-26T11:17:15.751283Z,/logout,529
2022-08-26T11:17:16.756482Z,/logout,528
2022-08-26T11:17:17.761949Z,/logout,527
2022-08-26T11:17:18.767197Z,/logout,526
2022-08-26T11:17:19.771925Z,/logout,525
2022-08-26T11:17:20.776522Z,/logout,524
2022-08-26T11:17:21.781155Z,/logout,523
2022-08-26T11:17:22.786001Z,/logout,522
2022-08-26T11:17:23.791274Z,/logout,521
2022-08-26T11:17:24.796426Z,/logout,520
2022-08-26T11:17:25.801608Z,/logout,519
2022-08-26T11:17:26.806390Z,/logout,518
2022-08-26T11:17:27.810874Z,/logout,517
2022-08-26T11:17:28.815185Z,/logout,516
2022-08-26T11:17:29.819559Z,/logout,515
2022-08-26T11:17:30.824609Z,/logout,514
2022-08-26T11:17:31.829526Z,/logout,513
2022-08-26T11:17:32.833962Z,/logout,512
2022-08-26T11:17:33.838708Z,/logout,511
2022-08-26T11:17:34.843584Z,/logout,510
2022-08-26T11:17:35.847949Z,/logout,509
2022-08-26T11:17:36.852266Z,/logout,508
2022-08-26T11:17:37.856792Z,/logout,507
2022-08-26T11:17:38.861720Z,/logout,506
2022-08-26T11:17:39.866174Z,/logout,505
2022-08-26T11:17:40.872146Z,/logout,504
2022-08-26T11:17:41.877646Z,/logout,503
2022-08-26T11:17:42.882331Z,/logout,502
2022-08-26T11:17:43.887070Z,/logout,501
2022-08-26T11:17:44.892251Z,/logout,500
2022-08-26T11:17:45.897608Z,/logout,499
2022-08-26T11:17:46.902139Z,/logout,498
2022-08-26T11:17:47.906806Z,/logout,497
2022-08-26T11:17:48.911222Z,/logout,496
2022-08-26T11:17:49.916585Z,/logout,495
2022-08-26T11:17:50.921815Z,/logout,494
2022-08-26T11:17:51.927434Z,/logout,493
2022-08-26T11:17:52.931988Z,/logout,492
2022-08-26T11:17:53.936520Z,/logout,491
2022-08-26T11:17:54.941198Z,/logout,490
2022-08-26T11:17:55.945733Z,/logout,489
2022-08-26T11:17:56.950195Z,/logout,488
2022-08-26T11:17:57.954867Z,/logout,487
2022-08-26T11:17:58.959321Z,/logout,486
2022-08-26T11:17:59.963940Z,/logout,485
2022-08-26T11:18:00.968570Z,/logout,484
2022-08-26T11:18:01.973067Z,/logout,483
2022-08-26T11:18:02.978211Z,/logout,482
2022-08-26T11:18:03.982849Z,/logout,481
2022-08-26T11:18:04.987924Z,/logout,480
2022-08-26T11:18:05.992896Z,/logout,479
2022-08-26T11:18:06.997785Z,/logout,478
2022-08-26T11:18:08.002743Z,/logout,477
2022-08-26T11:18:09.007738Z,/logout,476
2022-08-26T11:18:10.013106Z,/logout,475
2022-08-26T11:18:11.018594Z,/logout,474
2022-08-26T11:18:12.023659Z,/logout,473
2022-08-26T11:18:13.028997Z,/logout,472
2022-08-26T11:18:14.034047Z,/logout,471
2022-08-26T11:18:15.039083Z,/logout,470
2022-08-26T11:18:16.044344Z,/logout,469
2022-08-26T11:18:17.048756Z,/logout,468
2022-08-26T11:18:18.053948Z,/logout,467
2022-08-26T11:18:19.058321Z,/logout,466
2022-08-26T11:18:20.062962Z,/logout,465
2022-08-26T11:18:21.067835Z,/logout,464
2022-08-26T11:18:22.072728Z,/logout,463
2022-08-26T11:18:23.077107Z,/logout,462
2022-08-26T11:18:24.081541Z,/logout,461
2022-08-26T11:18:25.086441Z,/logout,460
2022-08-26T11:18:26.091158Z,/logout,459
2022-08-26T11:18:27.096062Z,/logout,458
2022-08-26T11:18:28.101398Z,/logout,457
2022-08-26T11:18:29.106572Z,/logout,456
2022-08-26T11:18:30.111251Z,/logout,455
2022-08-26T11:18:31.115915Z,/logout,454
2022-08-26T11:18:32.121198Z,/logout,453
2022-08-26T11:18:33.126466Z,/logout,452
2022-08-26T11:18:34.131184Z,/logout,451
2022-08-26T11:18:35.136409Z,/logout,450
2022-08-26T11:18:36.141707Z,/logout,449
2022-08-26T11:18:37.146556Z,/logout,448
2022-08-26T11:18:38.151822Z,/logout,447
2022-08-26T11:18:39.156874Z,/logout,446
2022-08-26T11:18:40.161826Z,/logout,445
2022-08-26T11:18:41.167518Z,/logout,444
2022-08-26T11:18:42.172641Z,/logout,443
2022-08-26T11:18:43.177889Z,/logout,442
2022-08-26T11:18:44.182475Z,/logout,441
2022-08-26T11:18:45.187554Z,/logout,440
2022-08-26T11:18:46.192685Z,/logout,439
2022-08-26T11:18:47.197647Z,/logout,438
2022-08-26T11:18:48.202704Z,/logout,437
2022-08-26T11:18:49.207652Z,/logout,436
2022-08-26T11:18:50.212520Z,/logout,435
2022-08-26T11:18:51.217368Z,/logout,434
2022-08-26T11:18:52.222144Z,/logout,433
2022-08-26T11:18:53.226705Z,/logout,432
2022-08-26T11:18:54.230906Z,/logout,431
2022-08-26T11:18:55.235456Z,/logout,430
2022-08-26T11:18:56.239771Z,/logout,429
2022-08-26T11:18:57.244113Z,/logout,428
2022-08-26T11:18:58.248753Z,/logout,427
2022-08-26T11:18:59.253186Z,/logout,426
2022-08-26T11:19:00.258163Z,/logout,425
2022-08-26T11:19:01.263298Z,/logout,424
2022-08-26T11:19:02.268464Z,/logout,423
2022-08-26T11:19:03.273415Z,/logout,422
2022-08-26T11:19:04.278645Z,/logout,421
2022-08-26T11:19:05.284015Z,/logout,420
2022-08-26T11:19:06.289297Z,/logout,419
2022-08-26T11:19:07.293956Z,/logout,418
2022-08-26T11:19:08.298359Z,/logout,417
2022-08-26T11:19:09.302771Z,/logout,416
2022-08-26T11:19:10.307246Z,/logout,415
2022-08-26T11:19:11.311741Z,/logout,414
2022-08-26T11:19:12.316233Z,/logout,413
2022-08-26T11:19:13.320954Z,/logout,412
2022-08-26T11:19:14.325362Z,/logout,411
2022-08-26T11:19:15.329768Z,/logout,410
2022-08-26T11:19:16.334152Z,/logout,409
2022-08-26T11:19:17.338694Z,/logout,408
2022-08-26T11:19:18.343046Z,/logout,407
2022-08-26T11:19:19.348372Z,/logout,406
2022-08-26T11:19:20.353815Z,/logout,405
2022-08-26T11:19:21.358345Z,/logout,404
2022-08-26T11:19:22.362618Z,/logout,403
2022-08-26T11:19:23.367104Z,/logout,402
2022-08-26T11:19:24.372266Z,/logout,401
2022-08-26T11:19:25.377850Z,/logout,400
2022-08-26T11:19:26.383060Z,/logout,399
2022-08-26T11:19:27.388150Z,/logout,398
2022-08-26T11:19:28.393023Z,/logout,397
2022-08-26T11:19:29.397500Z,/logout,396
2022-08-26T11:19:30.401888Z,/logout,395
2022-08-26T11:19:31.406370Z,/logout,394
2022-08-26T11:19:32.411368Z,/logout,393
2022-08-26T11:19:33.416611Z,/logout,392
2022-08-26T11:19:34.420911Z,/logout,391
2022-08-26T11:19:35.425772Z,/logout,390
2022-08-26T11:19:36.430809Z,/logout,389
2022-08-26T11:19:37.435552Z,/logout,388
2022-08-26T11:19:38.440580Z,/logout,387
2022-08-26T11:19:39.445515Z,/logout,386
2022-08-26T11:19:40.450018Z,/logout,385
2022-08-26T11:19:41.455314Z,/logout,384
2022-08-26T11:19:42.460674Z,/logout,383
2022-08-26T11:19:43.465952Z,/logout,382
2022-08-26T11:19:44.470438Z,/logout,381
2022-08-26T11:19:45.475543Z,/logout,380
2022-08-26T11:19:46.480406Z,/logout,379
2022-08-26T11:19:47.485933Z,/logout,378
2022-08-26T11:19:48.490923Z,/logout,377
2022-08-26T11:19:49.495847Z,/logout,376
2022-08-26T11:19:50.501415Z,/logout,375
2022-08-26T11:19:51.506397Z,/logout,374
2022-08-26T11:19:52.511504Z,/logout,373
2022-08-26T11:19:53.516817Z,/logout,372
2022-08-26T11:19:54.521441Z,/logout,371
2022-08-26T11:19:55.525908Z,/logout,370
2022-08-26T11:19:56.530330Z,/logout,369
2022-08-26T11:19:57.534848Z,/logout,368
2022-08-26T11:19:58.539271Z,/logout,367
2022-08-26T11:19:59.544829Z,/logout,366
2022-08-26T11:20:00.549355Z,/logout,365
2022-08-26T11:20:01.553709Z,/logout,364
2022-08-26T11:20:02.558705Z,/logout,363
2022-08-26T11:20:03.563235Z,/logout,362
2022-08-26T11:20:04.567433Z,/logout,361
2022-08-26T11:20:05.571778Z,/logout,360
2022-08-26T11:20:06.576936Z,/logout,359
2022-08-26T11:20:07.582462Z,/logout,358
2022-08-26T11:20:08.587059Z,/logout,357
2022-08-26T11:20:09.591630Z,/logout,356
2022-08-26T11:20:10.595753Z,/logout,355
2022-08-26T11:20:11.600921Z,/logout,354
2022-08-26T11:20:12.605661Z,/logout,353
2022-08-26T11:20:13.610053Z,/logout,352
2022-08-26T11:20:14.614719Z,/logout,351
2022-08-26T11:20:15.619591Z,/logout,350
2022-08-26T11:20:16.624115Z,/logout,349
2022-08-26T11:20:17.629152Z,/logout,348
2022-08-26T11:20:18.633738Z,/logout,347
2022-08-26T11:20:19.638534Z,/logout,346
2022-08-26T11:20:20.643596Z,/logout,345
2022-08-26T11:20:21.648350Z,/logout,344
2022-08-26T11:20:22.653426Z,/logout,343
2022-08-26T11:20:23.658027Z,/logout,342
2022-08-26T11:20:24.663001Z,/logout,341
2022-08-26T11:20:25.668036Z,/logout,340
2022-08-26T11:20:26.673121Z,/logout,339
2022-08-26T11:20:27.677866Z,/logout,338
2022-08-26T11:20:28.682328Z,/logout,337
2022-08-26T11:20:29.687249Z,/logout,336
2022-08-26T11:20:30.692261Z,/logout,335
2022-08-26T11:20:31.697430Z,/logout,334
2022-08-26T11:20:32.701922Z,/logout,333
2022-08-26T11:20:33.706386Z,/logout,332
2022-08-26T11:20:34.710799Z,/logout,331
2022-08-26T11:20:35.715765Z,/logout,330
2022-08-26T11:20:36.720453Z,/logout,329
2022-08-26T11:20:37.725365Z,/logout,328
2022-08-26T11:20:38.730001Z,/logout,327
2022-08-26T11:20:39.734410Z,/logout,326
2022-08-26T11:20:40.739286Z,/logout,325
2022-08-26T11:20:41.743959Z,/logout,324
2022-08-26T11:20:42.748394Z,/logout,323
2022-08-26T11:20:43.752833Z,/logout,322
2022-08-26T11:20:44.757376Z,/logout,321
2022-08-26T11:20:45.761809Z,/logout,320
2022-08-26T11:20:46.766309Z,/logout,319
2022-08-26T11:20:47.770755Z,/logout,318
2022-08-26T11:20:48.775491Z,/logout,317
2022-08-26T11:20:49.780232Z,/logout,316
2022-08-26T11:20:50.784892Z,/logout,315
2022-08-26T11:20:51.789433Z,/logout,314
2022-08-26T11:20:52.794021Z,/logout,313
2022-08-26T11:20:53.799625Z,/logout,312
2022-08-26T11:20:54.804622Z,/logout,311
2022-08-26T11:20:55.809529Z,/logout,310
2022-08-26T11:20:56.814748Z,/logout,309
2022-08-26T11:20:57.820060Z,/logout,308
2022-08-26T11:20:58.824623Z,/logout,307
2022-08-26T11:20:59.829081Z,/logout,306
2022-08-26T11:21:00.833455Z,/logout,305
2022-08-26T11:21:01.837946Z,/logout,304
2022-08-26T11:21:02.843176Z,/logout,303
2022-08-26T11:21:03.848223Z,/logout,302
2022-08-26T11:21:04.853166Z,/logout,301
2022-08-26T11:21:05.858181Z,/logout,300
2022-08-26T11:21:06.863390Z,/logout,299
2022-08-26T11:21:07.868162Z,/logout,298
2022-08-26T11:21:08.872461Z,/logout,297
2022-08-26T11:21:09.876716Z,/logout,296
2022-08-26T11:21:10.881786Z,/logout,295
2022-08-26T11:21:11.887074Z,/logout,294
2022-08-26T11:21:12.892055Z,/logout,293
2022-08-26T11:21:13.896728Z,/logout,292
2022-08-26T11:21:14.901847Z,/logout,291
2022-08-26T11:21:15.906654Z,/logout,290
2022-08-26T11:21:16.911424Z,/logout,289
2022-08-26T11:21:17.916133Z,/logout,288
2022-08-26T11:21:18.921759Z,/logout,287
2022-08-26T11:21:19.926948Z,/logout,286
2022-08-26T11:21:20.931833Z,/logout,285
2022-08-26T11:21:21.936660Z,/logout,284
2022-08-26T11:21:22.941773Z,/logout,283
2022-08-26T11:21:23.946107Z,/logout,282
2022-08-26T11:21:24.950724Z,/logout,281
2022-08-26T11:21:25.955714Z,/logout,280
2022-08-26T11:21:26.960956Z,/logout,279
2022-08-26T11:21:27.966259Z,/logout,278
2022-08-26T11:21:28.970790Z,/logout,277
2022-08-26T11:21:29.975910Z,/logout,276
2022-08-26T11:21:30.980337Z,/logout,275
2022-08-26T11:21:31.985482Z,/logout,274
2022-08-26T11:21:32.990026Z,/logout,273
2022-08-26T11:21:33.994993Z,/logout,272
2022-08-26T11:21:34.999428Z,/logout,271
2022-08-26T11:21:36.004023Z,/logout,270
2022-08-26T11:21:37.008806Z,/logout,269
2022-08-26T11:21:38.013902Z,/logout,268
2022-08-26T11:21:39.018560Z,/logout,267
2022-08-26T11:21:40.023275Z,/logout,266
2022-08-26T11:21:41.028373Z,/logout,265
2022-08-26T11:21:42.033993Z,/logout,264
2022-08-26T11:21:43.039973Z,/logout,263
2022-08-26T11:21:44.045429Z,/logout,262
2022-08-26T11:21:45.050092Z,/logout,261
2022-08-26T11:21:46.054735Z,/logout,260
2022-08-26T11:21:47.059576Z,/logout,259
2022-08-26T11:21:48.064417Z,/logout,258
2022-08-26T11:21:49.069397Z,/logout,257
2022-08-26T11:21:50.074451Z,/logout,256
2022-08-26T11:21:51.079302Z,/logout,255
2022-08-26T11:21:52.083720Z,/logout,254
2022-08-26T11:21:53.088169Z,/logout,253
2022-08-26T11:21:54.092507Z,/logout,252
2022-08-26T11:21:55.097342Z,/logout,251
2022-08-26T11:21:56.102369Z,/logout,250
2022-08-26T11:21:57.107474Z,/logout,249
2022-08-26T11:21:58.112252Z,/logout,248
2022-08-26T11:21:59.117003Z,/logout,247
2022-08-26T11:22:00.121652Z,/logout,246
2022-08-26T11:22:01.126812Z,/logout,245
2022-08-26T11:22:02.131811Z,/logout,244
2022-08-26T11:22:03.136855Z,/logout,243
2022-08-26T11:22:04.141657Z,/logout,242
2022-08-26T11:22:05.146688Z,/logout,241
2022-08-26T11:22:06.151849Z,/logout,240
2022-08-26T11:22:07.156564Z,/logout,239
2022-08-26T11:22:08.161402Z,/logout,238
2022-08-26T11:22:09.166705Z,/logout,237
2022-08-26T11:22:10.171587Z,/logout,236
2022-08-26T11:22:11.176790Z,/logout,235
2022-08-26T11:22:12.181323Z,/logout,234
2022-08-26T11:22:13.185697Z,/logout,233
2022-08-26T11:22:14.190360Z,/logout,232
2022-08-26T11:22:15.195057Z,/logout,231
2022-08-26T11:22:16.199751Z,/logout,230
2022-08-26T11:22:17.204341Z,/logout,229
2022-08-26T11:22:18.208869Z,/logout,228
2022-08-26T11:22:19.213343Z,/logout,227
2022-08-26T11:22:20.217708Z,/logout,226
2022-08-26T11:22:21.222475Z,/logout,225
2022-08-26T11:22:22.226970Z,/logout,224
2022-08-26T11:22:23.231288Z,/logout,223
2022-08-26T11:22:24.235655Z,/logout,222
2022-08-26T11:22:25.240443Z,/logout,221
2022-08-26T11:22:26.245307Z,/logout,220
2022-08-26T11:22:27.250320Z,/logout,219
2022-08-26T11:22:28.255307Z,/logout,218
2022-08-26T11:22:29.260177Z,/logout,217
2022-08-26T11:22:30.265013Z,/logout,216
2022-08-26T11:22:31.270075Z,/logout,215
2022-08-26T11:22:32.274528Z,/logout,214
2022-08-26T11:22:33.278928Z,/logout,213
2022-08-26T11:22:34.284161Z,/logout,212
2022-08-26T11:22:35.288535Z,/logout,211
2022-08-26T11:22:36.293141Z,/logout,210
2022-08-26T11:22:37.298279Z,/logout,209
2022-08-26T11:22:38.303092Z,/logout,208
2022-08-26T11:22:39.307553Z,/logout,207
2022-08-26T11:22:40.311818Z,/logout,206
2022-08-26T11:22:41.316751Z,/logout,205
2022-08-26T11:22:42.321390Z,/logout,204
2022-08-26T11:22:43.325935Z,/logout,203
2022-08-26T11:22:44.330883Z,/logout,202
2022-08-26T11:22:45.335997Z,/logout,201
2022-08-26T11:22:46.340614Z,/logout,200
2022-08-26T11:22:47.345189Z,/logout,199
2022-08-26T11:22:48.349603Z,/logout,198
2022-08-26T11:22:49.354756Z,/logout,197
2022-08-26T11:22:50.359422Z,/logout,196
2022-08-26T11:22:51.363686Z,/logout,195
2022-08-26T11:22:52.368537Z,/logout,194
2022-08-26T11:22:53.373299Z,/logout,193
2022-08-26T11:22:54.378234Z,/logout,192
2022-08-26T11:22:55.382694Z,/logout,191
2022-08-26T11:22:56.387081Z,/logout,190
2022-08-26T11:22:57.392016Z,/logout,189
2022-08-26T11:22:58.396375Z,/logout,188
2022-08-26T11:22:59.401060Z,/logout,187
2022-08-26T11:23:00.405426Z,/logout,186
2022-08-26T11:23:01.409870Z,/logout,185
2022-08-26T11:23:02.414114Z,/logout,184
2022-08-26T11:23:03.418653Z,/logout,183
2022-08-26T11:23:04.423136Z,/logout,182
2022-08-26T11:23:05.427414Z,/logout,181
2022-08-26T11:23:06.432049Z,/logout,180
2022-08-26T11:23:07.436276Z,/logout,179
2022-08-26T11:23:08.440487Z,/logout,178
2022-08-26T11:23:09.444958Z,/logout,177
2022-08-26T11:23:10.449621Z,/logout,176
2022-08-26T11:23:11.454363Z,/logout,175
2022-08-26T11:23:12.459295Z,/logout,174
2022-08-26T11:23:13.463753Z,/logout,173
2022-08-26T11:23:14.468666Z,/logout,172
2022-08-26T11:23:15.472785Z,/logout,171
2022-08-26T11:23:16.476938Z,/logout,170
2022-08-26T11:23:17.481892Z,/logout,169
2022-08-26T11:23:18.486515Z,/logout,168
2022-08-26T11:23:19.490588Z,/logout,167
2022-08-26T11:23:20.494831Z,/logout,166
2022-08-26T11:23:21.499157Z,/logout,165
2022-08-26T11:23:22.503984Z,/logout,164
2022-08-26T11:23:23.508996Z,/logout,163
2022-08-26T11:23:24.513596Z,/logout,162
2022-08-26T11:23:25.518406Z,/logout,161
2022-08-26T11:23:26.524109Z,/logout,160
2022-08-26T11:23:27.528783Z,/logout,159
2022-08-26T11:23:28.533171Z,/logout,158
2022-08-26T11:23:29.537261Z,/logout,157
2022-08-26T11:23:30.542038Z,/logout,156
2022-08-26T11:23:31.547280Z,/logout,155
2022-08-26T11:23:32.551671Z,/logout,154
2022-08-26T11:23:33.556653Z,/logout,153
2022-08-26T11:23:34.561410Z,/logout,152
2022-08-26T11:23:35.566007Z,/logout,151
2022-08-26T11:23:36.570533Z,/logout,150
2022-08-26T11:23:37.575719Z,/logout,149
2022-08-26T11:23:38.580723Z,/logout,148
2022-08-26T11:23:39.585387Z,/logout,147
2022-08-26T11:23:40.590872Z,/logout,146
2022-08-26T11:23:41.596181Z,/logout,145
2022-08-26T11:23:42.600952Z,/logout,144
2022-08-26T11:23:43.606074Z,/logout,143
2022-08-26T11:23:44.610574Z,/logout,142
2022-08-26T11:23:45.615574Z,/logout,141
2022-08-26T11:23:46.620250Z,/logout,140
2022-08-26T11:23:47.625388Z,/logout,139
2022-08-26T11:23:48.630436Z,/logout,138
2022-08-26T11:23:49.635161Z,/logout,137
2022-08-26T11:23:50.640257Z,/logout,136
2022-08-26T11:23:51.645211Z,/logout,135
2022-08-26T11:23:52.650023Z,/logout,134
2022-08-26T11:23:53.655101Z,/logout,133
2022-08-26T11:23:54.660011Z,/logout,132
2022-08-26T11:23:55.665154Z,/logout,131
2022-08-26T11:23:56.669898Z,/logout,130
2022-08-26T11:23:57.675201Z,/logout,129
2022-08-26T11:23:58.680084Z,/logout,128
2022-08-26T11:23:59.684994Z,/logout,127
2022-08-26T11:24:00.689552Z,/logout,126
2022-08-26T11:24:01.694587Z,/logout,125
2022-08-26T11:24:02.699372Z,/logout,124
2022-08-26T11:24:03.704354Z,/logout,123
2022-08-26T11:24:04.709205Z,/logout,122
2022-08-26T11:24:05.714160Z,/logout,121
2022-08-26T11:24:06.719101Z,/logout,120
2022-08-26T11:24:07.724118Z,/logout,119
2022-08-26T11:24:08.729426Z,/logout,118
2022-08-26T11:24:09.734679Z,/logout,117
2022-08-26T11:24:10.740203Z,/logout,116
2022-08-26T11:24:11.745796Z,/logout,115
2022-08-26T11:24:12.751032Z,/logout,114
2022-08-26T11:24:13.755669Z,/logout,113
2022-08-26T11:24:14.760324Z,/logout,112
2022-08-26T11:24:15.764539Z,/logout,111
2022-08-26T11:24:16.768902Z,/logout,110
2022-08-26T11:24:17.774061Z,/logout,109
2022-08-26T11:24:18.778683Z,/logout,108
2022-08-26T11:24:19.782939Z,/logout,107
2022-08-26T11:24:20.787289Z,/logout,106
2022-08-26T11:24:21.791951Z,/logout,105
2022-08-26T11:24:22.796396Z,/logout,104
2022-08-26T11:24:23.800652Z,/logout,103
2022-08-26T11:24:24.805023Z,/logout,102
2022-08-26T11:24:25.809330Z,/logout,101
2022-08-26T11:24:26.813779Z,/logout,100
2022-08-26T11:24:27.818130Z,/logout,99
2022-08-26T11:24:28.822551Z,/logout,98
2022-08-26T11:24:29.826988Z,/logout,97
2022-08-26T11:24:30.831364Z,/logout,96
2022-08-26T11:24:31.836136Z,/logout,95
2022-08-26T11:24:32.840626Z,/logout,94
2022-08-26T11:24:33.844984Z,/logout,93
2022-08-26T11:24:34.849369Z,/logout,92
2022-08-26T11:24:35.853713Z,/logout,91
2022-08-26T11:24:36.858390Z,/logout,90
2022-08-26T11:24:37.862980Z,/logout,89
2022-08-26T11:24:38.868024Z,/logout,88
2022-08-26T11:24:39.872682Z,/logout,87
2022-08-26T11:24:40.877335Z,/logout,86
2022-08-26T11:24:41.881750Z,/logout,85
2022-08-26T11:24:42.886148Z,/logout,84
2022-08-26T11:24:43.890870Z,/logout,83
2022-08-26T11:24:44.895785Z,/logout,82
2022-08-26T11:24:45.900443Z,/logout,81
2022-08-26T11:24:46.904820Z,/logout,80
2022-08-26T11:24:47.909108Z,/logout,79
2022-08-26T11:24:48.913557Z,/logout,78
2022-08-26T11:24:49.917963Z,/logout,77
2022-08-26T11:24:50.922705Z,/logout,76
2022-08-26T11:24:51.927040Z,/logout,75
2022-08-26T11:24:52.931671Z,/logout,74
2022-08-26T11:24:53.936029Z,/logout,73
2022-08-26T11:24:54.940373Z,/logout,72
2022-08-26T11:24:55.944574Z,/logout,71
2022-08-26T11:24:56.948964Z,/logout,70
2022-08-26T11:24:57.954151Z,/logout,69
2022-08-26T11:24:58.959291Z,/logout,68
2022-08-26T11:24:59.964060Z,/logout,67
2022-08-26T11:25:00.969031Z,/logout,66
2022-08-26T11:25:01.974551Z,/logout,65
2022-08-26T11:25:02.978940Z,/logout,64
2022-08-26T11:25:03.983295Z,/logout,63
2022-08-26T11:25:04.987752Z,/logout,62
2022-08-26T11:25:05.993080Z,/logout,61
2022-08-26T11:25:06.997514Z,/logout,60
2022-08-26T11:25:08.001915Z,/logout,59
2022-08-26T11:25:09.006282Z,/logout,58
2022-08-26T11:25:10.010631Z,/logout,57
2022-08-26T11:25:11.014967Z,/logout,56
2022-08-26T11:25:12.019198Z,/logout,55
2022-08-26T11:25:13.023595Z,/logout,54
2022-08-26T11:25:14.027883Z,/logout,53
2022-08-26T11:25:15.032215Z,/logout,52
2022-08-26T11:25:16.037544Z,/logout,51
2022-08-26T11:25:17.042482Z,/logout,50
2022-08-26T11:25:18.047771Z,/logout,49
2022-08-26T11:25:19.052990Z,/logout,48
2022-08-26T11:25:20.058067Z,/logout,47
2022-08-26T11:25:21.063231Z,/logout,46
2022-08-26T11:25:22.068449Z,/logout,45
2022-08-26T11:25:23.073372Z,/logout,44
2022-08-26T11:25:24.078448Z,/logout,43
2022-08-26T11:25:25.083346Z,/logout,42
2022-08-26T11:25:26.087767Z,/logout,41
2022-08-26T11:25:27.092148Z,/logout,40
2022-08-26T11:25:28.096574Z,/logout,39
2022-08-26T11:25:29.100892Z,/logout,38
2022-08-26T11:25:30.105703Z,/logout,37
2022-08-26T11:25:31.110632Z,/logout,36
2022-08-26T11:25:32.115860Z,/logout,35
2022-08-26T11:25:33.121068Z,/logout,34
2022-08-26T11:25:34.126074Z,/logout,33
2022-08-26T11:25:35.130511Z,/logout,32
2022-08-26T11:25:36.135327Z,/logout,31
2022-08-26T11:25:37.140607Z,/logout,30
2022-08-26T11:25:38.145049Z,/logout,29
2022-08-26T11:25:39.149545Z,/logout,28
2022-08-26T11:25:40.153982Z,/logout,27
2022-08-26T11:25:41.159700Z,/logout,26
2022-08-26T11:25:42.164686Z,/logout,25
2022-08-26T11:25:43.169685Z,/logout,24
2022-08-26T11:25:44.174952Z,/logout,23
2022-08-26T11:25:45.180380Z,/logout,22
2022-08-26T11:25:46.185729Z,/logout,21
2022-08-26T11:25:47.190566Z,/logout,20
2022-08-26T11:25:48.195102Z,/logout,19
2022-08-26T11:25:49.200468Z,/logout,18
2022-08-26T11:25:50.205569Z,/logout,17
2022-08-26T11:25:51.210779Z,/logout,16
2022-08-26T11:25:52.215619Z,/logout,15
2022-08-26T11:25:53.221079Z,/logout,14
2022-08-26T11:25:54.226320Z,/logout,13
2022-08-26T11:25:55.231859Z,/logout,12
2022-08-26T11:25:56.237291Z,/logout,11
2022-08-26T11:25:57.242763Z,/logout,10
2022-08-26T11:25:58.248111Z,/logout,9
2022-08-26T11:25:59.253425Z,/logout,8
2022-08-26T11:26:00.258766Z,/logout,7
2022-08-26T11:26:01.263212Z,/logout,6
2022-08-26T11:26:02.268407Z,/logout,5
2022-08-26T11:26:03.273797Z,/logout,4
2022-08-26T11:26:04.279275Z,/logout,3
2022-08-26T11:26:05.284684Z,/logout,2
2022-08-26T11:26:06.289957Z,/logout,1
2022-08-26T11:26:07.295125Z,/logout,0
